1848615,stakeloadtest1@yopmail.com,Shiyu@123,0x5293Bb662F625F49F064a5eD9204065d0267A650
1848616,stakeloadtest2@yopmail.com,Shiyu@123,0x4fd7949E9166820d8a215460AF9c7F882aE618DF
1848617,stakeloadtest3@yopmail.com,Shiyu@123,0xf15c079C490ED749a0bd67FF4Bb7c5e649Dd8941
1848618,stakeloadtest4@yopmail.com,Shiyu@123,0x251E6047a897eac4D1626862f21901Ce794d3C05
1848619,stakeloadtest5@yopmail.com,Shiyu@123,0x14750a6486B1e85d4944Cce1423FB644e21D7e53
1848620,stakeloadtest6@yopmail.com,Shiyu@123,0xc9D5BeE6217E4B8D2AB99CeD9e834F1513D96481
1848621,stakeloadtest7@yopmail.com,Shiyu@123,0x4f7365A66a9338168fb816bf3c306f0dc13F6517
1848622,stakeloadtest8@yopmail.com,Shiyu@123,0xCa963cf384C4Aa4194AfE46F167824fE432efb97
1848623,stakeloadtest9@yopmail.com,Shiyu@123,0x4201a5474b24248bE8B29f8B1917e380DADFC6Cb
1848624,stakeloadtest10@yopmail.com,Shiyu@123,0x65901DA76C78C6efF60e50De8b78F5e64724Bc80
1848625,stakeloadtest11@yopmail.com,Shiyu@123,0xD1fDe82e66C65E5305cF8d4eF5cC470E4CEe9e0c
1848626,stakeloadtest12@yopmail.com,Shiyu@123,0x115E44D403aa6DFE436154Fc64142d382369253A
1848627,stakeloadtest13@yopmail.com,Shiyu@123,0x208F53A91c6f10334dD9D19f3e9900C86ABdAe7c
1848628,stakeloadtest14@yopmail.com,Shiyu@123,0xCCD79B8532C3F8956216A708Bd229E39B4B1cbC1
1848629,stakeloadtest15@yopmail.com,Shiyu@123,0x36dbA80978a3c8d129D699a0e9B1c13b11cF7Bc9
1848630,stakeloadtest16@yopmail.com,Shiyu@123,0x1368Ba52f1D018E0d3CF5627DEb3C7C6A31e8371
1848631,stakeloadtest17@yopmail.com,Shiyu@123,0xD8808c02E1d6972d7EB6C56b57De4741Ccef0d66
1848632,stakeloadtest18@yopmail.com,Shiyu@123,0xdfBeB6040407Ab958364184560384DBa6e5AA941
1848633,stakeloadtest19@yopmail.com,Shiyu@123,0x547C16605c878D99198430E9E54f8897913593F5
1848635,stakeloadtest20@yopmail.com,Shiyu@123,0xB6249e0700E9505C5160659E3E81E01FF2218472
1848636,stakeloadtest21@yopmail.com,Shiyu@123,0x3Be908cD59A03084e6e31BFD42125eb2D01a4896
1848637,stakeloadtest22@yopmail.com,Shiyu@123,0x34eFfBe77dE2858a343D43725A34fc7846B2dc3c
1848638,stakeloadtest23@yopmail.com,Shiyu@123,0x2e5F8dD4802EcAd0242Ea7f6ab28872d925f5455
1848639,stakeloadtest24@yopmail.com,Shiyu@123,0x9a9dB04354D687248Fd75374240ba66EF10F7533
1848640,stakeloadtest25@yopmail.com,Shiyu@123,0x907dA6e58df4fAd3e513b9ce7e4349BEb243d8A2
1848641,stakeloadtest26@yopmail.com,Shiyu@123,0x8867be3765F857bEA037f7d0712ed996D273329d
1848642,stakeloadtest27@yopmail.com,Shiyu@123,0xc865DC107CDb2c26566aaf8D8Cc4aF639506744C
1848643,stakeloadtest28@yopmail.com,Shiyu@123,0x235143cF09B6C353f30cA9C4ED9bFAc06b853F39
1848644,stakeloadtest29@yopmail.com,Shiyu@123,0x7D9cFa1914EAAfa0651930E06fC37D7c637DB25b
1848645,stakeloadtest30@yopmail.com,Shiyu@123,0x7eB68a10B214bA0Fb7a9081db4dDbCF92b4F81CC
1848646,stakeloadtest31@yopmail.com,Shiyu@123,0x542754A60b5138FE994C5DbE35F1FE025766Ad7b
1848647,stakeloadtest32@yopmail.com,Shiyu@123,0x9b5b8a6385a7182a6aEC86010E4DC0D972AF2b38
1848648,stakeloadtest33@yopmail.com,Shiyu@123,0xB599EaF271a49E53778b9256EdBb47163574D3F3
1848649,stakeloadtest34@yopmail.com,Shiyu@123,0x24390A2c73e5b7B6Cd008DF612Ec20235125457d
1848650,stakeloadtest35@yopmail.com,Shiyu@123,0x5D5f43A20d68ca0133CEDCE6F04b2bF6df3Ee75B
1848651,stakeloadtest36@yopmail.com,Shiyu@123,0x22EF5c0028B06551792cE5712Fc2A440ACbe2132
1848652,stakeloadtest37@yopmail.com,Shiyu@123,0x32454C1b9102A82952355f5269fe06bc8f3f29a9
1848653,stakeloadtest38@yopmail.com,Shiyu@123,0xAE4c207B9f29964a6644D377BF647CCB4dC02049
1848654,stakeloadtest39@yopmail.com,Shiyu@123,0x1C404b8ABC3aF00315aB48f56Adc2A7b8d58C307
1848655,stakeloadtest40@yopmail.com,Shiyu@123,0x0A912EEa9486E97C6A90d578cDD3A321c3FAD60e
1848656,stakeloadtest41@yopmail.com,Shiyu@123,0x9D6142A5B0Ce8F8753Ea1Af7B8Fd8d84966E8b1F
1848657,stakeloadtest42@yopmail.com,Shiyu@123,0x175042406C3e495021146DDa4E3a151878241f4a
1848658,stakeloadtest43@yopmail.com,Shiyu@123,0x648a9229aE061a4b1F326f535e85924eBF91aDe9
1848659,stakeloadtest44@yopmail.com,Shiyu@123,0x697055600776C8f00847212988A43A8DD02D4F8D
1848660,stakeloadtest45@yopmail.com,Shiyu@123,0xd2887E648A8b2039734477692081D8b8b030EA5B
1848661,stakeloadtest46@yopmail.com,Shiyu@123,0x6a603FB20E5381F849D051BF283c3473cF3C61e0
1848662,stakeloadtest47@yopmail.com,Shiyu@123,0x421ae60dFdD2D1c1FD73B9452a92F50b716659F5
1848663,stakeloadtest48@yopmail.com,Shiyu@123,0x3BF1E5c7700d459746ff295A6FE0B9fB4E3302a7
1848664,stakeloadtest49@yopmail.com,Shiyu@123,0x3847C0e924f21A0019E9f6F3926df1F351294131
1848668,stakeloadtest50@yopmail.com,Shiyu@123,0xDD74cDD05caD283B5cf303bF58c7eDeF85F09d51
1848669,stakeloadtest51@yopmail.com,Shiyu@123,0x2D258888860d2e49576747Ae05C5056F27ccbB8C
1848670,stakeloadtest52@yopmail.com,Shiyu@123,0x0654F67d36D007A7FFA2230c047a6c0715405511
1848671,stakeloadtest53@yopmail.com,Shiyu@123,0xD4B9256671e4c061c2450eb8Bf96e827A566523f
1848672,stakeloadtest54@yopmail.com,Shiyu@123,0xde7f477d4e99F223f3C2733f7542Afa2cC466a3A
1848673,stakeloadtest55@yopmail.com,Shiyu@123,0xd57D79A23aFC7951fe1313AF01FF49f071b9a689
1848674,stakeloadtest56@yopmail.com,Shiyu@123,0x4ed2528702f115aA799590F6E13Ab173b8D9Ec63
1848675,stakeloadtest57@yopmail.com,Shiyu@123,0xe4e99F9024073DCd20850d91Bbb2C6c4F0679663
1848676,stakeloadtest58@yopmail.com,Shiyu@123,0x74e2758765E278EdFEaff6171D1765533Ef674A6
1848677,stakeloadtest59@yopmail.com,Shiyu@123,0xf0cb7A0B7B3A7451bD286c305Cfd11396bad0956
1848678,stakeloadtest60@yopmail.com,Shiyu@123,0x496F17fCB6B840C038F496cB37aa62b2294Cf074
1848679,stakeloadtest61@yopmail.com,Shiyu@123,0x492296022E6CdF5EF749289b6eb60FF800255D10
1848680,stakeloadtest62@yopmail.com,Shiyu@123,0xa05CD55750f4F9C8323d655e16AF5138E8929729
1848681,stakeloadtest63@yopmail.com,Shiyu@123,0xDF94cd9D7381aEC86571b7BF63833a810f491f10
1848682,stakeloadtest64@yopmail.com,Shiyu@123,0x89Db9D83985Caa27082DFc370CA197662C2a8EB8
1848683,stakeloadtest65@yopmail.com,Shiyu@123,0x93fC13730859A48Bd9BB22015993081998454Cb5
1848684,stakeloadtest66@yopmail.com,Shiyu@123,0xDdE86D4CbD82EB1152f9ffC113f60F3C6BefA925
1848685,stakeloadtest67@yopmail.com,Shiyu@123,0x330596933c6994b6F3Ff447990b3205185adF761
1848686,stakeloadtest68@yopmail.com,Shiyu@123,0x3F0a251a4b77c0784c4114F279C7dd07D8AF5a8a
1848687,stakeloadtest69@yopmail.com,Shiyu@123,0xf224330283A05a0eb8C77dA13769Cc7460A9A617
1848688,stakeloadtest70@yopmail.com,Shiyu@123,0x2D4975323EACF27ea5a1cAf958053d2b501bdcF9
1848689,stakeloadtest71@yopmail.com,Shiyu@123,0x350A65718c3233C5A8bC4F7b671CE632D7454B36
1848690,stakeloadtest72@yopmail.com,Shiyu@123,0x4f45e2F5c2C84724d56c321e4C9cCfEfaD52eCF6
1848691,stakeloadtest73@yopmail.com,Shiyu@123,0x6d3E27E4BaDa45586f75eD455973426969662455
1848692,stakeloadtest74@yopmail.com,Shiyu@123,0xaeF89bDAA6495Aa9085C2C0b1D1835FcEF7E68Ec
1848693,stakeloadtest75@yopmail.com,Shiyu@123,0xb45Df0727718658b202f9D80D263a06721cF45d9
1848694,stakeloadtest76@yopmail.com,Shiyu@123,0xa004689d4F0A454E2CcfA4e7Aa78548E169E8384
1848695,stakeloadtest77@yopmail.com,Shiyu@123,0x350Bd8cAbbC966B2a4210c40ca25D363B6ECc647
1848696,stakeloadtest78@yopmail.com,Shiyu@123,0xA198f25ad1F16bAF639C50bcaAfD4EDfc679c4D2
1848697,stakeloadtest79@yopmail.com,Shiyu@123,0x5f9b8408B8E9BC61d45fCAe6358275CA7C2B02Ac
1848698,stakeloadtest80@yopmail.com,Shiyu@123,0x8Bb2BAC25c31516E3576e45B1E1f19736EfE53E0
1848699,stakeloadtest81@yopmail.com,Shiyu@123,0x826E43bb4A5AFa39c5b23b37968E6f07bDB7D752
1848700,stakeloadtest82@yopmail.com,Shiyu@123,0x175B2384a518F3Ca6E4bF38f92502bF45Cbc066C
1848701,stakeloadtest83@yopmail.com,Shiyu@123,0xc91E826b836413d138451c96CD16671d9a6ACaB7
1848702,stakeloadtest84@yopmail.com,Shiyu@123,0x45E1a9964B671a0D2373DE0d40127934f3386f49
1848703,stakeloadtest85@yopmail.com,Shiyu@123,0x270A008eAf07e3df5832B6F33Fa715F71633501A
1848704,stakeloadtest86@yopmail.com,Shiyu@123,0xe537b90A024dcAaFCcF9bd7aBE938798B26e3C4f
1848705,stakeloadtest87@yopmail.com,Shiyu@123,0x58F3B1021bDF5d5C3C265fDee6d880c768d672f4
1848706,stakeloadtest88@yopmail.com,Shiyu@123,0xf6E35ed2429f36eE2c7166f2F83f25355368932c
1848707,stakeloadtest89@yopmail.com,Shiyu@123,0x9d3A580EEf32c8A2B1fF40895e6235f818a8fd4a
1848708,stakeloadtest90@yopmail.com,Shiyu@123,0x78975BAa2214814548336573f8159Bb661A93E1F
1848709,stakeloadtest91@yopmail.com,Shiyu@123,0x87Ed35A7211A8Bced873365628c15c237f68a41D
1848710,stakeloadtest92@yopmail.com,Shiyu@123,0xE00BfC950898F6cF24b2676738018b1c5D3Dd527
1848711,stakeloadtest93@yopmail.com,Shiyu@123,0x8D5Ac7CD1D1A97703D45cf4c7Aaf2d8278D1aB31
1848712,stakeloadtest94@yopmail.com,Shiyu@123,0x5fB57214e60f60808d129c4503f4Fb27DBcCe839
1848713,stakeloadtest95@yopmail.com,Shiyu@123,0x83ca4Ef5de54aC11458b0aec51224e5397f2e7E8
1848714,stakeloadtest96@yopmail.com,Shiyu@123,0x88b63e96304d22D464E043a1D3459F32BC934a39
1848715,stakeloadtest97@yopmail.com,Shiyu@123,0x0B40b2b036dA7E6F8D76A75DA0DDE441229F9dFb
1848716,stakeloadtest98@yopmail.com,Shiyu@123,0xbf3F7E86769384e6749f4c074BfE49ECA20ea91d
1848717,stakeloadtest99@yopmail.com,Shiyu@123,0xb9Fef588a203717A259888472CCc416E91c1883c
1848718,stakeloadtest100@yopmail.com,Shiyu@123,0xAdaAfA9640D87F359E12C7edC5A093495cc77e19
1848719,stakeloadtest101@yopmail.com,Shiyu@123,0x0c6c84BDd934327E13c970F3375C46aFe6A75133
1848720,stakeloadtest102@yopmail.com,Shiyu@123,0x88Ad2FC3db2c684eF5f24E0230C0957de43a06c8
1848721,stakeloadtest103@yopmail.com,Shiyu@123,0x140070437aa80d7624330f093D4D8e839001D2C1
1848722,stakeloadtest104@yopmail.com,Shiyu@123,0x9dAD97b49c0266AC439A8F864c460144b82a599F
1848723,stakeloadtest105@yopmail.com,Shiyu@123,0xFe5F921099bB161147b3baAD4Ed8CD63c80c6B10
1848724,stakeloadtest106@yopmail.com,Shiyu@123,0x16A85a1c990371977998145dC9Be3901Df6f2980
1848725,stakeloadtest107@yopmail.com,Shiyu@123,0x0B8F0D7B6027c3D516B598DA2E2C93bF0C1FB97A
1848726,stakeloadtest108@yopmail.com,Shiyu@123,0x82C30338aa617ae0B096872C3063d2B3C6FfAAfE
1848727,stakeloadtest109@yopmail.com,Shiyu@123,0x7F7C7303EC28CaFe3a158C237298176898C01c53
1848728,stakeloadtest110@yopmail.com,Shiyu@123,0x07c20062193fCe3a40755f318D5CC4c532C7aa30
1848729,stakeloadtest111@yopmail.com,Shiyu@123,0x2e523503a6cB1b3F58fAEd1d848585c58061310d
1848730,stakeloadtest112@yopmail.com,Shiyu@123,0xaf7b2f7f7cf00532398d431E7C2eF871291B0265
1848731,stakeloadtest113@yopmail.com,Shiyu@123,0xf19767CF9a00F5a1371C0B70c7f7881B346210dF
1848732,stakeloadtest114@yopmail.com,Shiyu@123,0xD12e809Bba1F13Be258daAeed2bf47E17De751a5
1848733,stakeloadtest115@yopmail.com,Shiyu@123,0x7Fc6a52AFA740f5790EC4986032E0905F62EBF2D
1848734,stakeloadtest116@yopmail.com,Shiyu@123,0xC72F6EdC5BACa122436af17e2EA5097eA0Baf068
1848735,stakeloadtest117@yopmail.com,Shiyu@123,0xd6a27F3f07c472854cdd6d501e9F776d2b76d149
1848736,stakeloadtest118@yopmail.com,Shiyu@123,0x66F5155cAD9a9359881c78294ef61078004F9705
1848737,stakeloadtest119@yopmail.com,Shiyu@123,0x58e2a7fFC775B151282C5C99fddC96Cd5590C515
1848738,stakeloadtest120@yopmail.com,Shiyu@123,0x11a5eD52275792eE8Bd1A7AaF56E3e34501DbD45
1848739,stakeloadtest121@yopmail.com,Shiyu@123,0x948A1AA676cAB9e6b4DFb6b4E9b8BA6998b66139
1848740,stakeloadtest122@yopmail.com,Shiyu@123,0xf267151e287EaBA1Db3b2cC6470eE39F5BEFA8F8
1848741,stakeloadtest123@yopmail.com,Shiyu@123,0x3F5Ad328a5cB11271C7C71F7Ce14524B0b4747Aa
1848742,stakeloadtest124@yopmail.com,Shiyu@123,0xCA55CD7eBBc2be90a0eD6433BB083cf9EFC29Ad5
1848743,stakeloadtest125@yopmail.com,Shiyu@123,0x93a8F2C2b9c7f7A52274990bEa3A9E477E6FFD39
1848744,stakeloadtest126@yopmail.com,Shiyu@123,0x0F2977539D4EEE73Dc93f3E38501274d19a3a4dA
1848745,stakeloadtest127@yopmail.com,Shiyu@123,0x9Aa7f3fa3C3b39fE12Bd7869157bD6CBe5Cb424f
1848746,stakeloadtest128@yopmail.com,Shiyu@123,0xcf3bFD4a85b4AcaDe3704Fbb101c1945bB75140e
1848747,stakeloadtest129@yopmail.com,Shiyu@123,0x1b1F3895245B27F045a2E1F797d7cF349D81d14E
1848748,stakeloadtest130@yopmail.com,Shiyu@123,0x0e693cAf5a8fDfE3B79093e6AB6E5826EB0eA436
1848749,stakeloadtest131@yopmail.com,Shiyu@123,0x2290F4d51517b99f1Fc8A2DE987bcda17D2fE5A3
1848750,stakeloadtest132@yopmail.com,Shiyu@123,0xD8b20e8cDf55Eab0C87d86D57BD12b33c672a7D8
1848751,stakeloadtest133@yopmail.com,Shiyu@123,0xF6b15753558b05B40837F3ef77D36B32e9e101FD
1848752,stakeloadtest134@yopmail.com,Shiyu@123,0x4D4391EC5D7aBE02E40Cd0A417620fEf4df2a72c
1848753,stakeloadtest135@yopmail.com,Shiyu@123,0xEf9C3A022C327AFb75ad464088106e941Eb40b55
1848754,stakeloadtest136@yopmail.com,Shiyu@123,0xfE97012EAA8155cFB58d2969C0Afb63320F83769
1848755,stakeloadtest137@yopmail.com,Shiyu@123,0x550DC6E4f4bC6ccc1bC31Ba62c8CD1e647927666
1848756,stakeloadtest138@yopmail.com,Shiyu@123,0x9fBE6Cedc6Df335311be09BDd02695d3B9E8D98c
1848757,stakeloadtest139@yopmail.com,Shiyu@123,0x33DaCdaCF11Db21261dD136F24929e55fC77d3Ec
1848758,stakeloadtest140@yopmail.com,Shiyu@123,0x37A95A9aF9DBD66f318b686627A2287Dbd98f555
1848759,stakeloadtest141@yopmail.com,Shiyu@123,0xe2f55677C38A494154449fCfB736c5022455d3c0
1848760,stakeloadtest142@yopmail.com,Shiyu@123,0x8B17d204582C34838C0996d42133527f814463A8
1848761,stakeloadtest143@yopmail.com,Shiyu@123,0xc3F095247772597B0A06549c4d3E01230f580BBb
1848762,stakeloadtest144@yopmail.com,Shiyu@123,0xc2880De7D8CB84d650622f3eF8Ef22372f92Eb0A
1848763,stakeloadtest145@yopmail.com,Shiyu@123,0x9127D2b8Dc0a19C73448c31338673f4cDb6556F6
1848764,stakeloadtest146@yopmail.com,Shiyu@123,0xe6ca29F6be74f3E790e58548b0E56Db5346B2791
1848765,stakeloadtest147@yopmail.com,Shiyu@123,0x23c04151f6bdbfF1F9F64b498311207E2EE6572a
1848766,stakeloadtest148@yopmail.com,Shiyu@123,0xfFcA5C43a82B717A230671474e2ba55763D7D349
1848767,stakeloadtest149@yopmail.com,Shiyu@123,0x0c45d39fd6dDE74DB7635E90E3b7AAC40a844D86
1848768,stakeloadtest150@yopmail.com,Shiyu@123,0xb8046ba051CBd114C8A9148015D22600fb50fd85
1848769,stakeloadtest151@yopmail.com,Shiyu@123,0x720E7f1DD3e195aeB97B49F0Aa03Ed4c2280CBa5
1848770,stakeloadtest152@yopmail.com,Shiyu@123,0xDAcCb296e3e982F10758f98bFCDD4Af469F0b7d6
1848771,stakeloadtest153@yopmail.com,Shiyu@123,0x07c0A4261CaAB0Ea902De9e5761d13E049259E18
1848772,stakeloadtest154@yopmail.com,Shiyu@123,0xC6D38Ac30e7FFf498227D4FAe3FCaf429Bfa1D0c
1848773,stakeloadtest155@yopmail.com,Shiyu@123,0xbcE819310A89c0Ab8327d5E32862B56051cD2828
1848774,stakeloadtest156@yopmail.com,Shiyu@123,0x46A24A2D8d4c0Ecc039CE698C116FB12d6086976
1848775,stakeloadtest157@yopmail.com,Shiyu@123,0x0f1A571012A144093D79c35b5FC5545547D94032
1848776,stakeloadtest158@yopmail.com,Shiyu@123,0x7439C042746EE1B3ea4168b82fE7A5eeD6E37B43
1848777,stakeloadtest159@yopmail.com,Shiyu@123,0x1B28278311b857B5d4aa11C552c53ea7429b0813
1848778,stakeloadtest160@yopmail.com,Shiyu@123,0xbF647a607B585353fC278D7f5309A5EAdFC2E23C
1848779,stakeloadtest161@yopmail.com,Shiyu@123,0x12295baa37C4fDa5133Ed0f04f73772d82961894
1848780,stakeloadtest162@yopmail.com,Shiyu@123,0x1Dc2c614b65cB76160633f708d2Ae96348233088
1848781,stakeloadtest163@yopmail.com,Shiyu@123,0xA7170F7bD2E880eAD3515E10b2C2aC97BB2D319B
1848782,stakeloadtest164@yopmail.com,Shiyu@123,0x0FdA9482C3E88E7bd624D16EbE729DbD8F99B608
1848783,stakeloadtest165@yopmail.com,Shiyu@123,0xFAA0C24DaB043C5Ac389f59C5ccC808fA2aC7c14
1848784,stakeloadtest166@yopmail.com,Shiyu@123,0x727ebBb8b84D7b59C1F23161bE4e5af25451ffC6
1848785,stakeloadtest167@yopmail.com,Shiyu@123,0x372891935734C9546a6Afe777183861bff7A239F
1848786,stakeloadtest168@yopmail.com,Shiyu@123,0x7A58cCfE8b6c07fB49B36baB0a8a7ed45a671027
1848787,stakeloadtest169@yopmail.com,Shiyu@123,0x310166CE9f964aF2A92f0e0c61Cb39DC52fd77e6
1848788,stakeloadtest170@yopmail.com,Shiyu@123,0x15723A40B8D8B96e1ed738b39b29577F914bd9fA
1848789,stakeloadtest171@yopmail.com,Shiyu@123,0xC699e86d4F6B85fB682745E474166f50F032a391
1848790,stakeloadtest172@yopmail.com,Shiyu@123,0x368ABbf8aBC30CCa7f6479a6966F89A4859d4b1E
1848791,stakeloadtest173@yopmail.com,Shiyu@123,0xADEAe1Fb0Ada9272B1A5F65edA6dF0A32A9cf784
1848792,stakeloadtest174@yopmail.com,Shiyu@123,0x894365506Ee164437CaC56a06F032F1f4d6E3b67
1848793,stakeloadtest175@yopmail.com,Shiyu@123,0x9077A2FfdC0C3b20029D20435B208d0075c3A867
1848794,stakeloadtest176@yopmail.com,Shiyu@123,0x481C105a3Cc321bC3047e25f218Bc1792042db94
1848795,stakeloadtest177@yopmail.com,Shiyu@123,0xAbBd0687c1296bC376E0025b87C65874bD7D8805
1848796,stakeloadtest178@yopmail.com,Shiyu@123,0x6E193084644a46457CDa7eCcF4ceF758704c983B
1848797,stakeloadtest179@yopmail.com,Shiyu@123,0x64E5C241656AB5B45b5B74e84ce22f9860Cfb440
1848798,stakeloadtest180@yopmail.com,Shiyu@123,0x59267E04028132ab93192EfA30e23bAc1A81CB4c
1848799,stakeloadtest181@yopmail.com,Shiyu@123,0xbb39c07E425fdbA250A12556026d024fF28E097C
1848800,stakeloadtest182@yopmail.com,Shiyu@123,0xe3a0926f31Fad8Cfab464dA92f59b30C442313ED
1848801,stakeloadtest183@yopmail.com,Shiyu@123,0x6AC42160ED954dB379F66C524ec812E544d721a6
1848802,stakeloadtest184@yopmail.com,Shiyu@123,0xF540DB32afa7B91947aa9aed93aA01d47023125A
1848803,stakeloadtest185@yopmail.com,Shiyu@123,0xe7438c230Aa4FF74a50bB1F29cdFbbddc60F8454
1848804,stakeloadtest186@yopmail.com,Shiyu@123,0x1E3d18455d63309C0446ce1637AB70feC4AC7339
1848805,stakeloadtest187@yopmail.com,Shiyu@123,0x2eBC94B7Dac05Cf90f5Dcf7663E1EBE2364f12D1
1848806,stakeloadtest188@yopmail.com,Shiyu@123,0xe8B59222D5f37e1FDaFef4d820b8234A779c42d0
1848807,stakeloadtest189@yopmail.com,Shiyu@123,0xf2F4B6f7eFd7aA0fae447d2cb4ee94a6E40aDf70
1848808,stakeloadtest190@yopmail.com,Shiyu@123,0xC8b5aE394b8Ee53b31cA9A8D110139fbddc48067
1848809,stakeloadtest191@yopmail.com,Shiyu@123,0x2543c676D0f630648FC28c4EC4CD53a04F983CF9
1848810,stakeloadtest192@yopmail.com,Shiyu@123,0x0645a672350c21A863C6C3DF074469c4a9340177
1848811,stakeloadtest193@yopmail.com,Shiyu@123,0xD077DaeE7c5f5F85Cf4C7D1539575dE40064145f
1848812,stakeloadtest194@yopmail.com,Shiyu@123,0x99F9841036423519CAdc29F099b60db341b8f9bF
1848813,stakeloadtest195@yopmail.com,Shiyu@123,0x3F9a525Ff9751D4975F19627EfD7218Be7c2CaB6
1848814,stakeloadtest196@yopmail.com,Shiyu@123,0x53F88746169fD9D10822116d9A9479c6fEa3bf84
1848815,stakeloadtest197@yopmail.com,Shiyu@123,0x632B7EB7ba9Efc881eAd2c03fE8e3E37217467B6
1848816,stakeloadtest198@yopmail.com,Shiyu@123,0x3519D4180A80E6E808CF847BBf98327700EB0f5f
1848817,stakeloadtest199@yopmail.com,Shiyu@123,0x4aD963089Fea8B5d287c155eCff38fe1d73D7d58
1848818,stakeloadtest200@yopmail.com,Shiyu@123,0x6C403fA28D0a70FE5dA8bCedDD3C3405EE33E6E3
1848819,stakeloadtest201@yopmail.com,Shiyu@123,0x218d6773ad6198139D594C1747b5461E4E9A7c8c
1848820,stakeloadtest202@yopmail.com,Shiyu@123,0xc8E4a04C5E9E984D90866be5BdEE3D0326e4c898
1848821,stakeloadtest203@yopmail.com,Shiyu@123,0xd6089FB38181f51872a95ce1e03D8Ef954498FC2
1848822,stakeloadtest204@yopmail.com,Shiyu@123,0xE19be2FB2c66c1Ccd6b4EE6521e9283A0D351E26
1848823,stakeloadtest205@yopmail.com,Shiyu@123,0x5C3169776fcB45A45EfEfeB33170Bb2979D47031
1848824,stakeloadtest206@yopmail.com,Shiyu@123,0xf802611BcF917c35E1bEF216B0Ac908a0F3C6aD3
1848825,stakeloadtest207@yopmail.com,Shiyu@123,0xa2aed17291E01932FFd1Ebe5651A0E1a9251fe57
1848826,stakeloadtest208@yopmail.com,Shiyu@123,0xB24ffF2eB2FcDE6b30b8F8b7B52dcB4cA2116c9b
1848827,stakeloadtest209@yopmail.com,Shiyu@123,0xB598D69449e3Ca069b9036de1B5bffd0a1d64e0c
1848828,stakeloadtest210@yopmail.com,Shiyu@123,0xD7ce3cE3CA601e6B2F828137a54876c37d11894D
1848829,stakeloadtest211@yopmail.com,Shiyu@123,0xeda38dbfE34B5D2BAcf3fE7E866c9252938cf52a
1848830,stakeloadtest212@yopmail.com,Shiyu@123,0xC041CC8241605C2BEBe562E82CB39463A9D698CD
1848831,stakeloadtest213@yopmail.com,Shiyu@123,0x48A60aC9a2A3621cff42B8Fd5b6303aaFe5fBE9f
1848832,stakeloadtest214@yopmail.com,Shiyu@123,0x981AAf1bEF4c528dc0059f516A910a8577BBdb87
1848833,stakeloadtest215@yopmail.com,Shiyu@123,0x8273934937725FCD3E830d1454F96e8d33C0184f
1848834,stakeloadtest216@yopmail.com,Shiyu@123,0x17af799b8BB9dbB1F2F7A46b1Cc81e8370cbC2b5
1848835,stakeloadtest217@yopmail.com,Shiyu@123,0xE9aB05F9cebf653Ae16726fc9663Dac6d068BD8c
1848836,stakeloadtest218@yopmail.com,Shiyu@123,0xe5281920b805b724d5Fff83c9F947eEa7D03d076
1848837,stakeloadtest219@yopmail.com,Shiyu@123,0xCCB950B0Be53c3Bb805a78FC3375Ee8f1ABE75b9
1848838,stakeloadtest220@yopmail.com,Shiyu@123,0x6998B3Cdf210f960a27970d0E6131616FC69828D
1848839,stakeloadtest221@yopmail.com,Shiyu@123,0xd85caCfD4d8c0e03bE4ec7825F3237E5223b08CC
1848841,stakeloadtest222@yopmail.com,Shiyu@123,0x9D457b96cd4cc16949bcB3a7743845597593590f
1848842,stakeloadtest223@yopmail.com,Shiyu@123,0x541Fc4971423f86C0B92813A919c528B922B666d
1848843,stakeloadtest224@yopmail.com,Shiyu@123,0x282a5E2Bac2Be9ff7e2ebB3106fB32FF48565F48
1848844,stakeloadtest225@yopmail.com,Shiyu@123,0x73C2166c2d0e1f8142b65EB0EbA9A67B269ee307
1848845,stakeloadtest226@yopmail.com,Shiyu@123,0xBE3f899b224C2677DBE662A2AF6e8E157F5ED81E
1848846,stakeloadtest227@yopmail.com,Shiyu@123,0x96A635C032D352cAABb651d67666B9A86d068188
1848847,stakeloadtest228@yopmail.com,Shiyu@123,0xa53B98A29E041d050EDA68E70200CfA3b36BC2E2
1848848,stakeloadtest229@yopmail.com,Shiyu@123,0xfcb298F39051b9B1219cC46DfF8d7291af39e524
1848849,stakeloadtest230@yopmail.com,Shiyu@123,0xb7c18206D4871fA2B7EeBAA4A292dB24c2BDC215
1848850,stakeloadtest231@yopmail.com,Shiyu@123,0x62880391b21E23219E39Cd6da3494CF9282563c4
1848851,stakeloadtest232@yopmail.com,Shiyu@123,0x823Aa2261f0A7bE2811230967756A699910BbefE
1848852,stakeloadtest233@yopmail.com,Shiyu@123,0xf5DB0630200aE86A9DeF9D5EbeD1D9516Cfb11bC
1848853,stakeloadtest234@yopmail.com,Shiyu@123,0xF0Ef83B161A78ff75B901976Ad0fF50837287608
1848854,stakeloadtest235@yopmail.com,Shiyu@123,0xccda7B095E7750EC24c94BB8Ca9F0721D7e8197d
1848855,stakeloadtest236@yopmail.com,Shiyu@123,0xdcFcE453192EA80840B1E10bF8d88bD4C973D3e5
1848856,stakeloadtest237@yopmail.com,Shiyu@123,0x6011381a14d699f94Bd78063AC01263bEb50Ce87
1848857,stakeloadtest238@yopmail.com,Shiyu@123,0x50B85e2B768bF190Fdb46ca8c64Ffe0f0667acB3
1848858,stakeloadtest239@yopmail.com,Shiyu@123,0x20A01bfAe4ED9236b2b528491e345A8B498EBB77
1848859,stakeloadtest240@yopmail.com,Shiyu@123,0x3ab69D4E1e5109d978ce4e8625F266818eF499A8
1848860,stakeloadtest241@yopmail.com,Shiyu@123,0x07E082638D5dD796E1CcEC9D6553BB5766A2511C
1848861,stakeloadtest242@yopmail.com,Shiyu@123,0xACaD3969b4921f63728E59C65fAeBf98dbbF188A
1848862,stakeloadtest243@yopmail.com,Shiyu@123,0xD9246C7A5c274c7c01ad60829E2263e290C6B8B4
1848863,stakeloadtest244@yopmail.com,Shiyu@123,0x981E3118b9B7bAF74Fd24B9B8691f8dFDc0E0d7f
1848864,stakeloadtest245@yopmail.com,Shiyu@123,0x6F6B580035fA5e5daf7af8DFac19AdBe1FE55fA9
1848865,stakeloadtest246@yopmail.com,Shiyu@123,0x5Fe79Bc6F1e42F29974ca0653e9cDD5b7c873426
1848866,stakeloadtest247@yopmail.com,Shiyu@123,0x5B431E4A8Aea182B123ba45551098A5FDFbdb201
1848867,stakeloadtest248@yopmail.com,Shiyu@123,0x983363662B7D46a7749870aB5eC158eeA00E95eB
1848868,stakeloadtest249@yopmail.com,Shiyu@123,0xA39AB20ac1FCf36857620e01116DbB3803c07564
1848869,stakeloadtest250@yopmail.com,Shiyu@123,0xaE17aCEc4360C4a3574B80E626a24763ca368695
1848870,stakeloadtest251@yopmail.com,Shiyu@123,0xBDEa8Cb8ECF3Dd50c046c75EaaFA3c1904110Da0
1848871,stakeloadtest252@yopmail.com,Shiyu@123,0xB3F8469A0df633559DBC8A1D1d3a66677dDf0924
1848872,stakeloadtest253@yopmail.com,Shiyu@123,0x8cFB93D1930d300CDcEED8aB37bfE49E563943b0
1848873,stakeloadtest254@yopmail.com,Shiyu@123,0x7d262759c6A4925F2F020Ee18b4Dd95Cf4dFbC1D
1848874,stakeloadtest255@yopmail.com,Shiyu@123,0x59a22d085128adbbaa7e5b6Ec8dc9878285ff488
1848875,stakeloadtest256@yopmail.com,Shiyu@123,0x46e1e8dC4961b33aaF7137b104b74912876BF449
1848876,stakeloadtest257@yopmail.com,Shiyu@123,0xD8e2f979C107558779848715f7D1797e830B0492
1848877,stakeloadtest258@yopmail.com,Shiyu@123,0x5b3F1c08ABF423c35f92Ab1157c5f9A5ECe1eE23
1848878,stakeloadtest259@yopmail.com,Shiyu@123,0x023122734f46019F7D202667Ea4382f9baE29984
1848879,stakeloadtest260@yopmail.com,Shiyu@123,0x694b897152568444D8C4396ef6f45A83153fC9c2
1848880,stakeloadtest261@yopmail.com,Shiyu@123,0x20968d333bDB9BDc99e27dD2ba37629fd491F02B
1848881,stakeloadtest262@yopmail.com,Shiyu@123,0x0fB7ce92E9A89c9939C0c0A0534AbFF62753e77a
1848882,stakeloadtest263@yopmail.com,Shiyu@123,0x01f0ea72E3b7f62Fb33F172Eb5ff6D1b66CEE977
1848883,stakeloadtest264@yopmail.com,Shiyu@123,0x5a453Adc4A46C4c678eE75Dc4C3Ed0bcBcD18333
1848884,stakeloadtest265@yopmail.com,Shiyu@123,0x0095a50c27FeCA01bef872E46A22e05098a6B4C7
1848885,stakeloadtest266@yopmail.com,Shiyu@123,0x42cfb89C69615d983E3Bc6ac417cd2D3D09a12eB
1848886,stakeloadtest267@yopmail.com,Shiyu@123,0x22BB6e9CaFA5e0B870209F195ba140dd0812c055
1848887,stakeloadtest268@yopmail.com,Shiyu@123,0x4605CF101b40F2dBB9abf9bB39F54CadcABA4db0
1848888,stakeloadtest269@yopmail.com,Shiyu@123,0x7C677869b596352d4643b3F80309A49883F87f7E
1848889,stakeloadtest270@yopmail.com,Shiyu@123,0x44BBEc0051101d14ADca9a0f757A994D26DFD312
1848890,stakeloadtest271@yopmail.com,Shiyu@123,0xB993cBDc6d5BC25D814c86e78675Bcbde999dfA8
1848891,stakeloadtest272@yopmail.com,Shiyu@123,0x90aC320D0C4F7b4224CcFD4A4F68e0a28F438707
1848892,stakeloadtest273@yopmail.com,Shiyu@123,0x6f5cEdb77411B023BDcF361758b3132E25cCe67d
1848893,stakeloadtest274@yopmail.com,Shiyu@123,0x5056C749BE715f6f14112b5cEB399F111DAd95f5
1848894,stakeloadtest275@yopmail.com,Shiyu@123,0x97671335431eDd43B09787D7b1381387Da9Eca32
1848895,stakeloadtest276@yopmail.com,Shiyu@123,0x65a658AAABe556168E576Aa1fb6b887a24316522
1848896,stakeloadtest277@yopmail.com,Shiyu@123,0xaa0416f3DB286538de8CDFCbEcB5db3060a6E3DB
1848897,stakeloadtest278@yopmail.com,Shiyu@123,0x25498b1A5B25ef46064497B245CDB8aa23E5Db7f
1848898,stakeloadtest279@yopmail.com,Shiyu@123,0xa9f0A0249a2807D21774cD691D7D57ee1B57eF18
1848899,stakeloadtest280@yopmail.com,Shiyu@123,0x5Cb7BC5f0543e9CC3e91a55179B0c93Da9bD3a61
1848900,stakeloadtest281@yopmail.com,Shiyu@123,0x9e0Bf57a3B2381162496682F92Eb456F4d8cAdC9
1848901,stakeloadtest282@yopmail.com,Shiyu@123,0x582eE0fE1BEaE68B850c7792bCEB97c7981C1F27
1848902,stakeloadtest283@yopmail.com,Shiyu@123,0x5556DDdF8A6712946aA5b4a4eC05F1AAcf7934B5
1848903,stakeloadtest284@yopmail.com,Shiyu@123,0xEF4bba3489811617152c6910fdBd9da7777E6C82
1848904,stakeloadtest285@yopmail.com,Shiyu@123,0xDEbFBBB180B10ab0B6feC0B94A6231885B00a409
1848905,stakeloadtest286@yopmail.com,Shiyu@123,0x4402D7260EA3D991eC415927bF21De3379081155
1848906,stakeloadtest287@yopmail.com,Shiyu@123,0xa0e501d23171c931956299301208273121c525aF
1848907,stakeloadtest288@yopmail.com,Shiyu@123,0x97F3999B0e016b1229855a722Be82a1C351d4868
1848908,stakeloadtest289@yopmail.com,Shiyu@123,0x25A08691bE4D396ab5CfEa1cB99B67285A91998b
1848909,stakeloadtest290@yopmail.com,Shiyu@123,0x7391eCe0284Ad7bdea07eE9C3D6B948cf8f309B8
1848910,stakeloadtest291@yopmail.com,Shiyu@123,0xdd7905d28cd8c4E9e0d58e2680a137B0Fd90D45E
1848911,stakeloadtest292@yopmail.com,Shiyu@123,0xCa144ea966D9a8ff58981e284040c496BCD681c0
1848912,stakeloadtest293@yopmail.com,Shiyu@123,0x27D28acaEFbf26EdFa6d1E1022C0D7f48E0aD742
1848913,stakeloadtest294@yopmail.com,Shiyu@123,0x62Bfa4FC98cB9E5686380659e2d99103851C8A52
1848914,stakeloadtest295@yopmail.com,Shiyu@123,0x3AC2Cf5dc17d8c71206A76639dD5505dA050141b
1848915,stakeloadtest296@yopmail.com,Shiyu@123,0xc105504c21bbfF40d66D7aC225E2E4cA9C30b20B
1848916,stakeloadtest297@yopmail.com,Shiyu@123,0x3F6631acc7F010324D7cFEB7cEeFDa7b70dCf141
1848917,stakeloadtest298@yopmail.com,Shiyu@123,0xA51754E556A1436E2F4Ea99D635f992F7f969Eb8
1848918,stakeloadtest299@yopmail.com,Shiyu@123,0xa130A0a3764dCcE596479a154aF15725E8E99E99
1848919,stakeloadtest300@yopmail.com,Shiyu@123,0xE2517342d8445DF33668DaF44785BC6ccD90E683
1848920,stakeloadtest301@yopmail.com,Shiyu@123,0x30023C9fbe0B5bc82a666FC4C8DA55fBD47eb7fE
1848921,stakeloadtest302@yopmail.com,Shiyu@123,0x53Ac12dA976073123c958a8375a0E4EeB62f2ae2
1848922,stakeloadtest303@yopmail.com,Shiyu@123,0x5CFCA42002FB585dA0870A7AC5192a44e814e47D
1848923,stakeloadtest304@yopmail.com,Shiyu@123,0x2Ea130857d8693d5ce57Ad7d36C85F93a218d2f4
1848924,stakeloadtest305@yopmail.com,Shiyu@123,0x82B22bA2C3cbDB072c1Ff201B5C0659B327Fe2E7
1848925,stakeloadtest306@yopmail.com,Shiyu@123,0xDb536Bf5919709c6e687fC4bE04D84B773071623
1848926,stakeloadtest307@yopmail.com,Shiyu@123,0x72c4c646E57b6A6BE71e2D0D4CA3899043715AF2
1848927,stakeloadtest308@yopmail.com,Shiyu@123,0x26dfbF3Af1AE05D7bA46FB64c26a5112126328d7
1848928,stakeloadtest309@yopmail.com,Shiyu@123,0x77B09bB18A9ee0174384014f0252Efaff938C80D
1848929,stakeloadtest310@yopmail.com,Shiyu@123,0x0C230894D3b08fAF110FD991F5Eb3d8a40f501Bc
1848930,stakeloadtest311@yopmail.com,Shiyu@123,0x61b03392988e812cf1D12931df9C6868E6E1A306
1848931,stakeloadtest312@yopmail.com,Shiyu@123,0x8380d49d6c821a175b57da9673620D2C7995d2cd
1848932,stakeloadtest313@yopmail.com,Shiyu@123,0x1D59BDA882395638ba760f4327610E324257E326
1848933,stakeloadtest314@yopmail.com,Shiyu@123,0x33BECb6A652261729b5870773AeaF977C3b49f70
1848934,stakeloadtest315@yopmail.com,Shiyu@123,0x62E54c206e8272595fB68e101E03Cb1315D13b28
1848935,stakeloadtest316@yopmail.com,Shiyu@123,0x277B5Ff74A5D1B22993176635123175e1FBEeb6a
1848936,stakeloadtest317@yopmail.com,Shiyu@123,0xa89A3E715f486757A3219401e27bAFc3Da155193
1848937,stakeloadtest318@yopmail.com,Shiyu@123,0xA67ae4674e117CBC1482E0eD1DEBF8CFB39F2567
1848938,stakeloadtest319@yopmail.com,Shiyu@123,0x0e6FEDFb934aFa9d167AE53770d4A882c795C6f5
1848939,stakeloadtest320@yopmail.com,Shiyu@123,0xB76864689ae63Ec5fC8B6e1714D0a0b9d848D0c9
1848940,stakeloadtest321@yopmail.com,Shiyu@123,0x6062Fc7326177b24C194fc706c862277002B0B8a
1848941,stakeloadtest322@yopmail.com,Shiyu@123,0x5D7480ef7C9Bb1e7aca774ad84459E9556e37CFC
1848942,stakeloadtest323@yopmail.com,Shiyu@123,0x4a9D739FDA38Be14ba55EE62E6BFe68F41065e66
1848943,stakeloadtest324@yopmail.com,Shiyu@123,0xE7AFf88531F3323316632147d0fDF15Ee7374272
1848944,stakeloadtest325@yopmail.com,Shiyu@123,0x984E112382541B183d34D9EE23828B2b30b33206
1848945,stakeloadtest326@yopmail.com,Shiyu@123,0xADD4627800E15Bb9e767F48CE398E9fD7b97bFE9
1848946,stakeloadtest327@yopmail.com,Shiyu@123,0x449be6B04715D5A2AAE1c7BA744c50a792b5467a
1848947,stakeloadtest328@yopmail.com,Shiyu@123,0x446D9Cb4971c13d9BC21c31A20eab7AB568cF302
1848948,stakeloadtest329@yopmail.com,Shiyu@123,0x25171C9AB36224908248EA9E1af515a78e6E6af0
1848949,stakeloadtest330@yopmail.com,Shiyu@123,0x2e79f39Dd9fA594F589DB27d7827d83770b27E82
1848950,stakeloadtest331@yopmail.com,Shiyu@123,0xf124a89aFF50Bd09d12b2Fbe83408974c7602F90
1848951,stakeloadtest332@yopmail.com,Shiyu@123,0x25caE06D5524c2B22cAA73042539ec4DE742a95A
1848952,stakeloadtest333@yopmail.com,Shiyu@123,0xE9e52dd9E005D764aaF54f43EA355aC4A8443557
1848953,stakeloadtest334@yopmail.com,Shiyu@123,0x658be763324cbf3eD767536dC31F84b88F2e3F1C
1848954,stakeloadtest335@yopmail.com,Shiyu@123,0xcecBA29b198793Bf874e696683f1220F67334CeC
1848955,stakeloadtest336@yopmail.com,Shiyu@123,0x988473F8746788072E28Cbb27F03f3D682fc786C
1848956,stakeloadtest337@yopmail.com,Shiyu@123,0x2aC55dCBB8f5325Bd71c1b8faC1c51E807C4D2Ed
1848957,stakeloadtest338@yopmail.com,Shiyu@123,0x4D1A41a5549C10D4B9AA36Cdb9D3C804a2791a32
1848958,stakeloadtest339@yopmail.com,Shiyu@123,0xF9fA6527594ef69100869e845fbFda05B3E7Cc1B
1848959,stakeloadtest340@yopmail.com,Shiyu@123,0xd8485bE666467a2bD8915587ea5399Ae4F725A36
1848960,stakeloadtest341@yopmail.com,Shiyu@123,0xbC7764dc8b58AF0330aE380dc9B7055E295AF9DB
1848961,stakeloadtest342@yopmail.com,Shiyu@123,0x87CD03165ba63D4f496848c2975D06e6C0830069
1848962,stakeloadtest343@yopmail.com,Shiyu@123,0x7ec1596d58e8AbE7Ada379C2f15F95656cFc9051
1848963,stakeloadtest344@yopmail.com,Shiyu@123,0xe2fEF91383Ed60E46C64f64F3309454bEDc109cb
1848964,stakeloadtest345@yopmail.com,Shiyu@123,0x9A8E40B5De234183e2Ec61acd610661e12e0584D
1848965,stakeloadtest346@yopmail.com,Shiyu@123,0x78a998527459B3aF9BBC2d10eC7A3d6d03E89025
1848966,stakeloadtest347@yopmail.com,Shiyu@123,0x439a688D6A064cBB1FfC6BC26907E7829d4f47B1
1848967,stakeloadtest348@yopmail.com,Shiyu@123,0xa080b2D3804b41a6F35258e678F6898D876C1B0a
1848968,stakeloadtest349@yopmail.com,Shiyu@123,0xE53fcED60A705274cDa52e87F62316a546b9C275
1848969,stakeloadtest350@yopmail.com,Shiyu@123,0xcaed6EC824bc39f5e2A173A1DB5932ddCB8E4E22
1848970,stakeloadtest351@yopmail.com,Shiyu@123,0x14a899276fF29c370893dB2D48B2644eC4A13b68
1848971,stakeloadtest352@yopmail.com,Shiyu@123,0x99597511aCc686296d99fF2C7649866604f4CD86
1848972,stakeloadtest353@yopmail.com,Shiyu@123,0x83B51ffc1396B1C47CdEaFb9b700683E977ea501
1848973,stakeloadtest354@yopmail.com,Shiyu@123,0xC2C19C124915c5783B6838ef6924c7afFE1e211c
1848974,stakeloadtest355@yopmail.com,Shiyu@123,0x0B560f4a8f541802B24cF131d0f36dae4Fa001F5
1848975,stakeloadtest356@yopmail.com,Shiyu@123,0x34FA90da6759F6D0BcB76C6b903A0C5E873b02aa
1848976,stakeloadtest357@yopmail.com,Shiyu@123,0x242DE20125C482F806CB15E5f55d9BEF509CF36a
1848977,stakeloadtest358@yopmail.com,Shiyu@123,0x8dc61Fc5850651F6D790F146AA7e9A12d4032eB4
1848978,stakeloadtest359@yopmail.com,Shiyu@123,0x925403F128D09E14d38cd1D04d8A793dF5b91768
1848979,stakeloadtest360@yopmail.com,Shiyu@123,0xB700bc6CaC3feaa1cc3B95b061479B01E867F0E2
1848980,stakeloadtest361@yopmail.com,Shiyu@123,0x8f9c2006140208E83E501ff269a3853F3d997a6d
1848981,stakeloadtest362@yopmail.com,Shiyu@123,0x095b16f6038c78Fdc5Aa7a701E888bc3eCea3b39
1848982,stakeloadtest363@yopmail.com,Shiyu@123,0xBB48AD981dc6279a5E5f9522ec8DA3AC248eAfF2
1848983,stakeloadtest364@yopmail.com,Shiyu@123,0xfF5dF035B58A66d94F53F49aaC7EE9aa1D9b4C2b
1848984,stakeloadtest365@yopmail.com,Shiyu@123,0xBffd9ee27766DaE266468859Fc8CfFCd225A880D
1848985,stakeloadtest366@yopmail.com,Shiyu@123,0xD64B4Af383c00F187875022c2C70C11E0cf3db9F
1848986,stakeloadtest367@yopmail.com,Shiyu@123,0x3ddf706BE94C8269643f4566B9867c2435253AAF
1848987,stakeloadtest368@yopmail.com,Shiyu@123,0xC6C49a01CE40aC2fb64AC29A4E98e5351575b91f
1848988,stakeloadtest369@yopmail.com,Shiyu@123,0x458d03a223A4a00b181e5E291D41ec8e73c30381
1848989,stakeloadtest370@yopmail.com,Shiyu@123,0x2351480c42E29ac911EdA65aD71717d1405faF04
1848990,stakeloadtest371@yopmail.com,Shiyu@123,0xAdbb44B05BA90bAa6A43bAe8232239Ec07460bF6
1848991,stakeloadtest372@yopmail.com,Shiyu@123,0x6dC5AEbcC76a38Ee9210cdfbD890a3D9B27ED965
1848992,stakeloadtest373@yopmail.com,Shiyu@123,0xD2a40a48b9c74B9ED07d3eFB0da19b117c1349a4
1848993,stakeloadtest374@yopmail.com,Shiyu@123,0x3A7383F8BfFc96B431a621Bb13AFbCe601d1E877
1848994,stakeloadtest375@yopmail.com,Shiyu@123,0x8215E78e3F9441233Cf514451Bf78b46B00CBCBe
1848995,stakeloadtest376@yopmail.com,Shiyu@123,0x4a3b35799E13bCffc3eE6D7Ed4eD6da8b552077c
1848996,stakeloadtest377@yopmail.com,Shiyu@123,0x57E2D0C2CD1A2252D2365236f585e171f60E44C4
1848997,stakeloadtest378@yopmail.com,Shiyu@123,0x39f470A63B0d7D4eD3490d499D5deD2028Ad88c0
1848998,stakeloadtest379@yopmail.com,Shiyu@123,0x6bA9097a2Ed755F04a6b42Ac01f6c849F9D73CDD
1848999,stakeloadtest380@yopmail.com,Shiyu@123,0xe969420B82805f0769cBaF9cb80310cbA8D7ac9e
1849000,stakeloadtest381@yopmail.com,Shiyu@123,0xDD635e434CF6D3C6C5f89322fa141941b5f30a0d
1849001,stakeloadtest382@yopmail.com,Shiyu@123,0xb6df161e9e4F91d95D23B083e4731A2cFBCe7839
1849002,stakeloadtest383@yopmail.com,Shiyu@123,0x78dD982deA76776641c135423ca3058D1F4cc209
1849003,stakeloadtest384@yopmail.com,Shiyu@123,0x17dF79612195Ab6f488Ba462d3cfC2a71EeBd0aE
1849004,stakeloadtest385@yopmail.com,Shiyu@123,0x6Fd35b8b115c20d9EBDD7CB678EeE5E75f2Ee2e7
1849005,stakeloadtest386@yopmail.com,Shiyu@123,0xe69cf9e9150DD21B8464C10B42f1e2a1d340D967
1849006,stakeloadtest387@yopmail.com,Shiyu@123,0x51cFc1c08F93267cd264f22Ba4409503445Dd237
1849007,stakeloadtest388@yopmail.com,Shiyu@123,0x9A11E3268da065c616E125b937bea60DD9C2E89C
1849008,stakeloadtest389@yopmail.com,Shiyu@123,0x2C45035B8Dbf82eeF94E23c322311E92984Cf360
1849009,stakeloadtest390@yopmail.com,Shiyu@123,0xc93e41C05457e64B1283eba616426a5b0e2ABA98
1849010,stakeloadtest391@yopmail.com,Shiyu@123,0x3e8875b371602fE5335E04B77d9B0380bd544f96
1849011,stakeloadtest392@yopmail.com,Shiyu@123,0xA8fB83592899a7408231415B6240df3a04cc1A9c
1849012,stakeloadtest393@yopmail.com,Shiyu@123,0xAb1B9cD7697A6a33593c4815A6F463c36967e7F8
1849013,stakeloadtest394@yopmail.com,Shiyu@123,0xb24960c8b1Dd269803a884D2c12cf725A18051fd
1849014,stakeloadtest395@yopmail.com,Shiyu@123,0xEa3a2497b1192d10daA726812aCbB6C6eEBE206f
1849015,stakeloadtest396@yopmail.com,Shiyu@123,0x51Bc9906Ac807462C30E201211a6111Db329191E
1849016,stakeloadtest397@yopmail.com,Shiyu@123,0xed51F65489Ec7398f582933c486c37BAF085756d
1849017,stakeloadtest398@yopmail.com,Shiyu@123,0xA9665301D0E0dc8d838abC32fC5Ff966697E37a8
1849018,stakeloadtest399@yopmail.com,Shiyu@123,0x148E041bD42E192e8164d62FA32a0c02646D0c05
1849019,stakeloadtest400@yopmail.com,Shiyu@123,0xcAa79d7593e1E02EB65ecF15Ac8101168233bf11
1849020,stakeloadtest401@yopmail.com,Shiyu@123,0x71B6402643c8A45F090d5865C77a8e1Cc1cF100C
1849021,stakeloadtest402@yopmail.com,Shiyu@123,0x1dEfb7f966296b0800414446696793fbe317C787
1849022,stakeloadtest403@yopmail.com,Shiyu@123,0x08268aa6a388BcF822fB07cC1F9eAc46f944EB4e
1849023,stakeloadtest404@yopmail.com,Shiyu@123,0x5dd380Fb06590766C84D027A4e2F0DBD2531A6a6
1849024,stakeloadtest405@yopmail.com,Shiyu@123,0x8Fd6eBDB5C4C9ad5463Da9c55b25060e1F21B46d
1849025,stakeloadtest406@yopmail.com,Shiyu@123,0x4e3F1210859bc2eF51A67F39F285b91ba6c12367
1849026,stakeloadtest407@yopmail.com,Shiyu@123,0xd8218201728f987aBD638113C958f3950084afeB
1849027,stakeloadtest408@yopmail.com,Shiyu@123,0x3dCE504f19827eA1520F335f34b79175918a38A0
1849028,stakeloadtest409@yopmail.com,Shiyu@123,0x938f4Af019d90cf1733e1C8Ab6105D964d9D8C05
1849029,stakeloadtest410@yopmail.com,Shiyu@123,0xd229EAA71Aed16fc5789CD97E06239AF45CCB786
1849030,stakeloadtest411@yopmail.com,Shiyu@123,0xb5B92032A9A59F2081831E77d2D443013F953b31
1849031,stakeloadtest412@yopmail.com,Shiyu@123,0x140114012E8657b6c8F299E66a1557dF24D3D929
1849032,stakeloadtest413@yopmail.com,Shiyu@123,0x216b0C17349b9Be927E692079258572400592e71
1849033,stakeloadtest414@yopmail.com,Shiyu@123,0x6332444dB7B7BaDBA38D5d124961086ada2A7C6c
1849034,stakeloadtest415@yopmail.com,Shiyu@123,0xF89C007B6D95d6C929dbff542cE92D3BB6f711F8
1849035,stakeloadtest416@yopmail.com,Shiyu@123,0xffe64F87487Fc22Ec3bF6d81Aa38AE7a593476B6
1849036,stakeloadtest417@yopmail.com,Shiyu@123,0x2F7F2292d559e35c9BaeB6BF2a529A3BA9384DdD
1849037,stakeloadtest418@yopmail.com,Shiyu@123,0x036bDBC0c150c8a2084980D985AfebcA2Dda6145
1849038,stakeloadtest419@yopmail.com,Shiyu@123,0x56c2B9F0F0c3112Fc6D70ee1a7F15eca32bA1A27
1849039,stakeloadtest420@yopmail.com,Shiyu@123,0x95B49c08B4754b47C99065210A9197a39db8c85A
1849040,stakeloadtest421@yopmail.com,Shiyu@123,0x6C158fD0EB26f8eE1e38c6EDd29e1E545Ac18815
1849041,stakeloadtest422@yopmail.com,Shiyu@123,0x6CCAaab84773305A149e0A86470faF7C8f3CDeB9
1849042,stakeloadtest423@yopmail.com,Shiyu@123,0x85619227715CDbeae10Cf4a46d9dfdcD8C753A71
1849043,stakeloadtest424@yopmail.com,Shiyu@123,0x86dC423AD2E3CB732F69e26e8A51F19F85C2247b
1849044,stakeloadtest425@yopmail.com,Shiyu@123,0x4184bD057DC04fa1303Ed2FBd1A8ba472458554e
1849045,stakeloadtest426@yopmail.com,Shiyu@123,0x6df16B8cc5E40a2AfaBa67Dbb29E70585fE2F7dF
1849046,stakeloadtest427@yopmail.com,Shiyu@123,0x5e78d2ff2c473426039fDa944cb084cF6e3f5151
1849047,stakeloadtest428@yopmail.com,Shiyu@123,0x0aE96136765cd7aEF8789F63c0a6Cf82663E66D5
1849048,stakeloadtest429@yopmail.com,Shiyu@123,0x574795B8dd37B765A595e29AEFc490e6B0C38Fd9
1849049,stakeloadtest430@yopmail.com,Shiyu@123,0x369FbfcDe7B9b0F97f14EA4FFACf9fDD1ffCc2d6
1849050,stakeloadtest431@yopmail.com,Shiyu@123,0x06030a5546962c4fe2f709398A90d1bCA490F9f6
1849051,stakeloadtest432@yopmail.com,Shiyu@123,0x4D6551abbbeeF98A0CD45223b4F88D2f18C7b360
1849052,stakeloadtest433@yopmail.com,Shiyu@123,0xD08B4DEbac6AB0EEeA2275848ebcEfCE28DCB1a9
1849053,stakeloadtest434@yopmail.com,Shiyu@123,0xD623dF42E0394b6E7662Dbf6C6A98899d8805AAe
1849054,stakeloadtest435@yopmail.com,Shiyu@123,0x19e42C6961b4edB9B95C36033A6F2C888fe0Cd0E
1849055,stakeloadtest436@yopmail.com,Shiyu@123,0x29e84BADa79CBd362a370992fE9F527f32b85896
1849056,stakeloadtest437@yopmail.com,Shiyu@123,0xEf306661F7748d5a7cCF3bA74BA15e47fAF32363
1849057,stakeloadtest438@yopmail.com,Shiyu@123,0xd971fc0c3dC2Cf9120e7A592746F7400db26ADf8
1849058,stakeloadtest439@yopmail.com,Shiyu@123,0x3Bce63ae459AFE9F83ed2ee38f2DeF0944e0c3E1
1849059,stakeloadtest440@yopmail.com,Shiyu@123,0xe3D2f08CC22e9634C8b0aF2E46787b43A9Ca72B7
1849060,stakeloadtest441@yopmail.com,Shiyu@123,0x5A415D7490413F6611Adf801928e9E6e0bd5bFdd
1849061,stakeloadtest442@yopmail.com,Shiyu@123,0x38B3d430AB31E46C1115B7BAe80F11E38B7E1084
1849062,stakeloadtest443@yopmail.com,Shiyu@123,0xC178eb99f916a18225C76c6D778eE767F72A6de7
1849063,stakeloadtest444@yopmail.com,Shiyu@123,0x0EC126eE38d99aD6f22De5353024F5431d485946
1849064,stakeloadtest445@yopmail.com,Shiyu@123,0x7d4821E601B97550675CC9287383086228b1784d
1849065,stakeloadtest446@yopmail.com,Shiyu@123,0x8704505E0365EBd6EA7420012A350A96D3844a2a
1849066,stakeloadtest447@yopmail.com,Shiyu@123,0xdF4B9C2cB98899BDb535C3CC4c8b5D03481b5E59
1849067,stakeloadtest448@yopmail.com,Shiyu@123,0x6b4158d3Ce11F7ea91C020750547D071b21D72Ae
1849068,stakeloadtest449@yopmail.com,Shiyu@123,0x054Bc5070b639138377C8971cc260571C90A59b9
1849069,stakeloadtest450@yopmail.com,Shiyu@123,0xcA713c70F13B60496f88e1D5Ba95915Bc06d5594
1849070,stakeloadtest451@yopmail.com,Shiyu@123,0xC55b3B793e8dE1f6C54AdaE74ACCa6fa0dFA3d00
1849071,stakeloadtest452@yopmail.com,Shiyu@123,0x78463ab4612961E5CC5010a5D0B20f68b0b9bDC6
1849072,stakeloadtest453@yopmail.com,Shiyu@123,0xf249b257D7e3Fd91aA248E9182BF0c0F67bEf999
1849073,stakeloadtest454@yopmail.com,Shiyu@123,0xD4b0E9bb65558d7fD91daA3f9778E44D9C36c4E2
1849074,stakeloadtest455@yopmail.com,Shiyu@123,0x696c71e128FF4F9e6EC1eAb2b468045F3c29Cc91
1849075,stakeloadtest456@yopmail.com,Shiyu@123,0x9C3d06Babc993EEe30C352D9FeD603beFD121A94
1849076,stakeloadtest457@yopmail.com,Shiyu@123,0xa28D9B146B4Afb706B3aa2ACbCd6637887480210
1849077,stakeloadtest458@yopmail.com,Shiyu@123,0x13c590A0f0B9Ab3F5FD52d2eCDD1213ffA71aFCD
1849078,stakeloadtest459@yopmail.com,Shiyu@123,0x147B7bd1812CbB22d498f2aa76C2bb4b2B8d19cB
1849079,stakeloadtest460@yopmail.com,Shiyu@123,0xCC0bfDB6683F228e6BfD5C8c79d81F8931Ed74de
1849080,stakeloadtest461@yopmail.com,Shiyu@123,0xC9c6d428e271b7Ce8e09c7a26aCB43eF6E2c2646
1849081,stakeloadtest462@yopmail.com,Shiyu@123,0xAa311cF4A3d36e59D79059720C6C8F7d8AC6DC37
1849082,stakeloadtest463@yopmail.com,Shiyu@123,0xA46174379fAB9Cfdb0fa71128Faee498eA4B3E0C
1849083,stakeloadtest464@yopmail.com,Shiyu@123,0x3426389982f345cA10Bb2a76DC03AEE46446c873
1849084,stakeloadtest465@yopmail.com,Shiyu@123,0xa65F382D1B702f1a6f963E9c5557722820098b4B
1849085,stakeloadtest466@yopmail.com,Shiyu@123,0xA889A908203252d8Cc28b019A8b2975613f14600
1849086,stakeloadtest467@yopmail.com,Shiyu@123,0x3c31525A8b9E444FE13ABda6cDd53Fa33A2fc696
1849087,stakeloadtest468@yopmail.com,Shiyu@123,0x6Ad4E660c8ba4dbFDBfe58faa8fB373F62d0e661
1849088,stakeloadtest469@yopmail.com,Shiyu@123,0xE82f0AdAAFDe50350e3d8618eb2b053Af6c9d6e7
1849089,stakeloadtest470@yopmail.com,Shiyu@123,0x7Bc46A8446192C353A5C42D3856e012A92d68Fb0
1849090,stakeloadtest471@yopmail.com,Shiyu@123,0xA5F8FF6504cA62879383A60Ee3B549298d2f53f0
1849091,stakeloadtest472@yopmail.com,Shiyu@123,0xfaEa2E24bc07564c68F9d2D8ec1ef344dBCfBBCF
1849092,stakeloadtest473@yopmail.com,Shiyu@123,0xb38861FC79044eebE52140F428C5644c5BF5787B
1849093,stakeloadtest474@yopmail.com,Shiyu@123,0x184DFBFDEebE68634694937d2426005733A0fd17
1849094,stakeloadtest475@yopmail.com,Shiyu@123,0x101EbEFAA06cB45Cc65F225d3f323947dAFFDef5
1849095,stakeloadtest476@yopmail.com,Shiyu@123,0xC4644d1Be16C37D10058c6C0fd5eDB6f438351Ec
1849096,stakeloadtest477@yopmail.com,Shiyu@123,0x1EC1aF6FF5c692D74aDD90d9d7a3B46Bf181d655
1849097,stakeloadtest478@yopmail.com,Shiyu@123,0x3c79ef450cd52669F75E0c8c6D95C3e3d151129a
1849098,stakeloadtest479@yopmail.com,Shiyu@123,0xB4c6218BBfD4484BCCb0c32C8847c92A62F7060a
1849099,stakeloadtest480@yopmail.com,Shiyu@123,0x291e513e90CA4d9aa10690EF7866C6B909b0Af72
1849100,stakeloadtest481@yopmail.com,Shiyu@123,0xFDF60f0655db69f5897CF0C716Ae84E15FE8429B
1849101,stakeloadtest482@yopmail.com,Shiyu@123,0xFa4ed7CfF115a01d083C5803Bcbd1b920b1ca00a
1849102,stakeloadtest483@yopmail.com,Shiyu@123,0xa4cB78F06e1d322E0bc801dE7b0ebe5734d227fd
1849103,stakeloadtest484@yopmail.com,Shiyu@123,0x37F7cfC198FA1b984c04dBfdb3bA55e422AA14EC
1849104,stakeloadtest485@yopmail.com,Shiyu@123,0x3b8235762dcDF7b466DdbBcC8D6D230e758E8043
1849105,stakeloadtest486@yopmail.com,Shiyu@123,0x932D8A64c7dBa095E970F924384D298d7dC7116B
1849106,stakeloadtest487@yopmail.com,Shiyu@123,0xAe83Bf64adec029321Fc161be290c2a669EF2b5a
1849107,stakeloadtest488@yopmail.com,Shiyu@123,0xC37097523C579ee3f6c2E323592e73601a394Fba
1849108,stakeloadtest489@yopmail.com,Shiyu@123,0xDda5118aA139B506AB21A2775890983acBE10e1F
1849109,stakeloadtest490@yopmail.com,Shiyu@123,0xF874Fe3120287c39E299Baf1ea0E78b34EF9E89D
1849110,stakeloadtest491@yopmail.com,Shiyu@123,0x1A77B5b6F45449c630495f9fBdA9fF9458f252c4
1849111,stakeloadtest492@yopmail.com,Shiyu@123,0x737a147D7D84Ae0BD78243D63fA713F5532c071C
1849112,stakeloadtest493@yopmail.com,Shiyu@123,0x731d58F6cd90D89a4263164Fb9Aeb99d7Ab664Ca
1849113,stakeloadtest494@yopmail.com,Shiyu@123,0x93B24e961dfA6E4f006EB5867ba82d0540B3bB30
1849114,stakeloadtest495@yopmail.com,Shiyu@123,0x3f5638B5aF8E6ef24AB84ed6Fd7a3E1BfA0f7214
1849115,stakeloadtest496@yopmail.com,Shiyu@123,0xdA8F67C510F81e4AEeB7518AB9Cf4b140E1b5f97
1849116,stakeloadtest497@yopmail.com,Shiyu@123,0x53598F18D59BDa84AAd2187A7A2175aDcF6B022F
1849117,stakeloadtest498@yopmail.com,Shiyu@123,0x7E24D89AE5a6EFB49007A50A3F57c03742557478
1849118,stakeloadtest499@yopmail.com,Shiyu@123,0xfd29bBb1511d662Fe1BF5a35Ab270f22fFC5daeC
1849119,stakeloadtest500@yopmail.com,Shiyu@123,0xb6d59DD325671b91AC090499aAdf6142fDB4b132