1,syy80@yopmail.com,Shiyu@123
2,syy81@yopmail.com,Shiyu@123
3,syy82@yopmail.com,Shiyu@123
4,syy83@yopmail.com,Shiyu@123
5,syy84@yopmail.com,Shiyu@123
6,syy85@yopmail.com,Shiyu@123
7,syy86@yopmail.com,Shiyu@123
8,syy87@yopmail.com,Shiyu@123
9,syy88@yopmail.com,Shiyu@123
10,syy89@yopmail.com,Shiyu@123
11,syy90@yopmail.com,Shiyu@123
12,syy91@yopmail.com,Shiyu@123
13,syy92@yopmail.com,Shiyu@123
14,syy93@yopmail.com,Shiyu@123
15,syy94@yopmail.com,Shiyu@123
16,syy95@yopmail.com,Shiyu@123
17,syy96@yopmail.com,Shiyu@123
18,syy97@yopmail.com,Shiyu@123
19,syy98@yopmail.com,Shiyu@123
20,syy99@yopmail.com,Shiyu@123
21,syy100@yopmail.com,Shiyu@123
22,syy101@yopmail.com,Shiyu@123
23,syy102@yopmail.com,Shiyu@123
24,syy103@yopmail.com,Shiyu@123
25,syy104@yopmail.com,Shiyu@123
26,syy105@yopmail.com,Shiyu@123
27,syy106@yopmail.com,Shiyu@123
28,syy107@yopmail.com,Shiyu@123
29,syy108@yopmail.com,Shiyu@123
30,syy109@yopmail.com,Shiyu@123
31,syy110@yopmail.com,Shiyu@123
32,syy111@yopmail.com,Shiyu@123
33,syy112@yopmail.com,Shiyu@123
34,syy113@yopmail.com,Shiyu@123
35,syy114@yopmail.com,Shiyu@123
36,syy115@yopmail.com,Shiyu@123
37,syy116@yopmail.com,Shiyu@123
38,syy117@yopmail.com,Shiyu@123
39,syy118@yopmail.com,Shiyu@123
40,syy119@yopmail.com,Shiyu@123
41,syy120@yopmail.com,Shiyu@123
42,syy121@yopmail.com,Shiyu@123
43,syy122@yopmail.com,Shiyu@123
44,syy123@yopmail.com,Shiyu@123
45,syy124@yopmail.com,Shiyu@123
46,syy125@yopmail.com,Shiyu@123
47,syy126@yopmail.com,Shiyu@123
48,syy127@yopmail.com,Shiyu@123
49,syy128@yopmail.com,Shiyu@123
50,syy129@yopmail.com,Shiyu@123
51,syy130@yopmail.com,Shiyu@123
52,syy131@yopmail.com,Shiyu@123
53,syy132@yopmail.com,Shiyu@123
54,syy133@yopmail.com,Shiyu@123
55,syy134@yopmail.com,Shiyu@123
56,syy135@yopmail.com,Shiyu@123
57,syy136@yopmail.com,Shiyu@123
58,syy137@yopmail.com,Shiyu@123
59,syy138@yopmail.com,Shiyu@123
60,syy139@yopmail.com,Shiyu@123
61,syy140@yopmail.com,Shiyu@123
62,syy141@yopmail.com,Shiyu@123
63,syy142@yopmail.com,Shiyu@123
64,syy143@yopmail.com,Shiyu@123
65,syy144@yopmail.com,Shiyu@123
66,syy145@yopmail.com,Shiyu@123
67,syy146@yopmail.com,Shiyu@123
68,syy147@yopmail.com,Shiyu@123
69,syy148@yopmail.com,Shiyu@123
70,syy149@yopmail.com,Shiyu@123
71,syy150@yopmail.com,Shiyu@123