email,x-phemex-access-token,secretKey
syy03@yopmail.com,738fdcc6-5319-4cb0-95f0-664bcfe5ba3f,hn0kYOsRXsubW4e36ze4qnBmErStvRakIqO_wuSM35kzYmZmYmU2NS1jNGI0LTRhYTUtYTliYi05YTRlNDM3NmY2MGQ
syy010@yopmail.com,44b62781-813f-4561-a892-6bc7b739886a,NBRaMIkkB9qByo6wtLbNjSeBdVzdJijT4NyHUNvCVMpmOGE2YzQ3YS1iZjNjLTRmZmYtYWIxOC0xZmE4OGUzZmRhZDQ
syy402@yopmail.com,7f98c731-1cec-478b-98d2-38169ffb26b6,k5n0TQxo4_v6unBTmep6Y9IqoRv6xZjoD6lSt70LWYFlZWU0YzBlNS01MjNlLTQwZmItYjg5ZS1hMjM2ZTg3MjQzNzg
syy401@yopmail.com,ee53027f-3e53-4dad-b625-ca18c1c26779,DHqbqLhaoqTNv48DN4TbQvN2zK7g0kEG7Ij8QdL4UYk2OTU4ZTIyZi01YmM2LTQzNTQtOWZjOC1hNzJmZjhmMTI5ODM
syy400@yopmail.com,86eba9dd-7ea6-4303-a1c5-9f21d904d49e,8anEVHw4mPTJMPGH6HtoE9oI9vYDQxvMjepKgRtOvko2MmZjMjk3Ny1iMGJiLTQ5YWQtOTE2OC0wMzBjYTVlMTVlMzk
syy399@yopmail.com,f3e60dd1-abb9-4a20-ae4e-ce4d1e3f6122,Dq5ICeDxj4wCVpkXdcVfFPKlrNHN04N33YsjjpXoG0o2NWNjYzQyNC01MGFjLTQzNmYtYjBkYi01OGE1MGY4MjU2MmU
syy398@yopmail.com,205d56e2-a37c-44de-b6f1-368b01556b19,R9S5W6yb2NovpauFJr-YUnUbkM7ps9m3WCY8CCEEXu45NDQxMTYxZC0zZDZhLTRkN2YtOWZmYi0xODg1NzVmY2M2YTQ
syy397@yopmail.com,d1d938ca-19a9-43f7-ab1b-fc2930f069dd,T7MRbfcYZ6jxEIgpFcZP4LhdT5ob5C5yYXbPSfE-vWplY2MxMGE3ZS1jY2FlLTRkOTctOWRiYy00MzE5YjAyNDFiYTc
syy396@yopmail.com,4111e2ba-e99a-46be-bd0d-f03359bd77e8,PDwmOPN33V-iiaP9i5EmDJIknEm2EBQn7W5L8BD-csA1MDllMzU1NC1lODkwLTRiZTYtYTY2OS00MzdkZmYwY2VmOTY
syy395@yopmail.com,13a5f848-d80d-4dc9-be63-0f4dc8cf2778,jcso1KmZlgDkIvCkTa-dQKVV7J40LI8l4KT7MHV_d7ZlMTMzZTFkNC05NTU2LTQ1ZDUtYjE1Ny1jYWVmNmFkYjczYWU
syy394@yopmail.com,893088f7-5cc2-4cb6-8964-4533c31f326a,5eRZgSub_5L1ONpUKHsxd5BwV_uBkrevgKSFqOzDME0yYmQ5OTI5NS03OGNjLTQzOWItYmQ0Yi1kYTc3MTM2ZjIyZTM
syy393@yopmail.com,f8bf2ce1-48f7-4e4b-a25c-308fa1bc5cb2,ubTHmDEhjp-A6FCLfDcbNdJpr8BU8s42x0CADxvR0gthYmRjMTUyMS0wNTkzLTQ0ZTEtYTgyYi1lYWNiZTQ1M2M4ODc
syy392@yopmail.com,694388b1-e701-4f2e-9771-81b563f68260,gMrVPVyji7f5OyRcOaKcyf0rTw-HnDbwkOqD4ngrUgFlNTM1N2FiNS0zNjNmLTRmOWYtYjdmNC0wZGJlZDNlOGY2YmM
syy391@yopmail.com,04e56093-1e2a-429a-b3db-f04adf1f880f,FRlsAd0LWU3AfbDzOnWLR1iRjoJyM5AiVGOPd2mjtoYyYTBmNTEwZi1jMTZhLTRhYWQtOWI5OS0wOGJhZTdmZTNiNzk
syy390@yopmail.com,d3ee18e8-9fce-459c-afc7-fa6fd0756778,3AI01qkZBD3O9wiUORboxmu_Dd00i7vvN12130Me8wo4YTUyYjEwNC1jYjJlLTQ0ZTgtOWQzMi1iN2UwZjY3YTA3ODk
syy389@yopmail.com,1d5bb514-bc97-48d4-853d-fa67c5d0920b,YhRgo467SXUyNV_JsFKW3K7uo5FNOPOihfD-3A7AGpJlYzg1NmUzNC01Njk3LTQ3NzEtYTc0NC0zYzRhM2JjNjQ0NmI
syy388@yopmail.com,f41e1cdc-e5d0-496b-874e-743a8e2024cf,X6Faq_COE-dBB7MnvZTh3XHfzZySd-OuJ-eoQV2qaNdiZjdlOThiYS03MGExLTQxOGYtYjQ0MC0wYmM2MzRmNmIzZDk
syy387@yopmail.com,a664869b-1e27-43ef-a856-d1aeac3ed184,EDgnwc4i_98TZxO-p16C-kcVaPUe2-0NHMYMvqPEYXZlODZkNzdkOC03MjQzLTQ3MmItODA5Mi1mM2RiMjc4YTc4MTM
syy386@yopmail.com,d3336738-5f45-4335-8f57-21e49b6d176b,bAfUVoK8XdHeXuJ_UAn7ItWqKLbTDXN1cdpgiL8JLsE5YWU0NDVmNC05MWQxLTRkZGMtYTJmYS02ZTNkYWFiYmI2YzQ
syy385@yopmail.com,8908f8ef-c26f-445b-b199-1d704dcf29e4,rCzG_bNDi0jHf2Ej1LHKZ35sKgv3lsBRFJGx7Am8Y-E1MGEwMDliMi1mNTY0LTRjYjUtYmI3OC1kMzNiZGRkOTQyMGY
syy384@yopmail.com,dd839ddd-3c8b-452b-8fa8-b3a15f232db7,rxk1R4pvcz78SEOjwLiYtmNB90-BoYDibX1hUVE0kzJmYWNkMTQzMS1mZmRkLTRmNGUtYjY1My04MjdmNjVhMzI1Y2E
syy383@yopmail.com,152cbac6-47d8-4c48-93f2-b57b4e929305,y-m--2oRvaV_gxve4ImnqHj3AubC7vwE7Yy85nXBAGY0YTQ4NThjNy1mMWMwLTRhMzktOTk4NC1mNTRjNWJkYjk2OWI
syy382@yopmail.com,6139fb2f-2b2d-4107-9d57-38f23cbe5ea4,FW7QGW2tges3rqMlc-V9MPnEkBrTVbRNCL7NU7hEshk4MDI0ZWNkYy03YjFjLTRjMWQtYmU4Mi01N2QyOGFmMGJlZWM
syy381@yopmail.com,8e8b8bef-62b5-468c-b26a-f52e59f3686a,S6SS4lOTPBfKn08kTIIVF3-L116qGaFMWD_5zOGK3Xo4OWNhMTEyMS04OTQ4LTRkMTgtODZiMy0xOWFjNjhkOWEwMjU
syy380@yopmail.com,17b11415-62f9-42ad-9ab6-188c6ffa3312,EJfumalV9hDc8Ph1E7RkU7tpTlnf3rPk9NA2nwqnwb8zOThkNjMxNS0xYjViLTQ0MDktOGFiNS1mNWZmNzJmYjdkZjI
syy379@yopmail.com,af87bb04-7bc4-48e8-9bfe-a1a39d295443,muMXb3aJQEqyVlbQux7SxHlVMnAtcy6rg3NVvUSomfliZGQxMGY4NS0xMzIwLTRiYzgtOGU0ZS00YmUwNjAyMDkzMzA
syy378@yopmail.com,83e70a48-cfd9-44d8-8cce-1fec7c588bef,sFOB7lId7ya3LEjF6MLikh1S4DzrFTU1AC2ulwW4DAgzYzhhNDI3ZS1jZDJhLTQ1MDgtYWU2My00OTk3MWNjMTEwYWU
syy377@yopmail.com,4aa537c5-4e8c-4b1a-a915-05cf73b870cb,n9sjPKg0xwmEp324PH6GElcupsMV4TrfOqt9vnA_nGhhNjc3N2JhZC1kMWI2LTQ1MjYtYTk4YS1iNDUyYzFkOGNiMDM
syy376@yopmail.com,b893c260-a2cb-4a4d-985d-4d8d28c80ea3,3RzD5Ftfw1KfRD_Hp_fTUlyXYoTgAzKvHbpq6NGClPM3MzY2YjQ0Yy02ZGE3LTQxZjgtOWUwYy1mNDRlOTkwNGJiMTg
syy375@yopmail.com,59732b05-9a88-432f-87ec-9dbf0c14cced,XBAJ3lDxDflfGlLDj7tPLWdIcWCBPJ0AOcEaMOA0EJE0N2U2YWQ3YS1lNWMyLTQ5M2UtODAyMy1jMDRjZTgyZmRiNTE
syy374@yopmail.com,d4eb551f-1367-45bf-933d-3a118be19f6b,ffVJKleAQ_dvvhQRw1NmMsHC7yeM19uUNDoi-5I8DFM1N2Q1NzJiYi1mZTlkLTRiNDQtYjlmZC1iN2E1YThlNjY4MmI
syy373@yopmail.com,30f7697f-516f-4184-a26f-456271032fe9,oSjn3YnQewRMH5WhjxHUWi3wATPKVtyCseZJJsQmrDY1ZjlhMTQ1ZC00YmM0LTQ1ZWMtYjdmNS1iNzRlY2RlZjNlMjE
syy372@yopmail.com,e5878717-6423-423b-9f7a-004d20c443d2,4BamyU-ql-72XtkDK_0dYH2-Rb17i8xGQCbtYU3y9qVmNTI1YzM0Ny02YzIyLTRmZjktODFiMC0wMjdjMWQxZDliNDU
syy371@yopmail.com,5c4bdc05-c86f-4203-bd94-1db018f1e886,FCxjQ1e49U-F8EzWyemQBLvq6IpW3rb7fgxPs2KAtQU2MmVlMDZkNy1iYWM0LTQyNjItOTdjZS00ODg5YmMyZjNlY2I
syy370@yopmail.com,6bc43488-3044-4588-b18d-2d364b7b1dee,PJXdGh2IdyB_HcsB0E9L2MIt2FsTEVp0Pvgo5gBzq8hkOGQzNmEyZC04NWU3LTRiZjMtODExNi04MzQ2N2I5MzhlNmE
syy369@yopmail.com,36fa2a20-4aad-4549-9a15-558eb83e38fa,M8RVW7x_Rm6-JHHJoLc1YuaeNShC8NKSqoOSek_6QAs1MmNlOWY5NS1kNTE5LTRlOTQtYjBlMy01N2MzYjk5MDgxNDg
syy368@yopmail.com,3fee0971-1972-4502-b028-d917a30b22dc,5wEBQeccNIjaWCwv9y2UBaXnvdi_vDdO28sO53co4JE5NjFhYjJlYy1hN2JiLTRlNDQtODBlNy01N2NjOWU1ZTIyZDU
syy367@yopmail.com,6fb627f5-cc80-4302-8547-cba4dd07288c,0VWxlEZO1mX_sv14dX1n94Vd6fy1k2UWmFCp0jOvsGIyMWQ0NzczOS00NjBkLTQ1YmMtOWIwOS00NWM5ZDVkMDZkZmY
syy366@yopmail.com,1ee9bebd-ffe4-4261-8e75-fb666d043688,NvozE2r9S7B9SNY_p2Ul606pddedMu4npCaT3oBd7DJjN2NjZmNhNC0yZDM5LTQ2N2MtOTU3ZS0wZjZiNTU3YTc5MDE
syy365@yopmail.com,7e373000-d9db-4940-8614-5d6111a7a0b5,ciTtjhg0K5jrK7LljhODmPq9Xqfck_GNAgOR0399SpgxODg2OTZlNC0yMzViLTQ0NjEtYTY2NS04YTU2ZTgyNmYxNjU
syy364@yopmail.com,10bdb4f9-a4e7-4bbe-9cda-ac497657703a,bY9W4D5WbNNqPftRDcH5r4ms574CVu5vnQ23mgzYuIdjOGQzMzFiMi01OTAxLTQ2YjQtYmVjYy01ZjY3ODdhYmFjZDE
syy363@yopmail.com,80d10672-77d6-4709-ab4e-08250d1c181b,G1o0b_Eu2uw0b28xAjFzzfXKgY4VNnCSDf1F0QmqQAA2NTA4NDUzZi1lMjMwLTQzNDEtYWE3NS1mOTk3NGRlNzBmZjg
syy362@yopmail.com,809245d2-7c1e-4c65-bae1-107139e87a59,JB2PrMsuSgsGePtRVlYuHsG2niqMtJGwwRt2_iLKXakyNzg4M2VjOC1hNTNiLTRlNDktYmJmZC1hZTZiNWI0ZGY1YzE
syy361@yopmail.com,020c48da-2bc9-47aa-92c3-f498e8e19a8d,9UqCRdj_s8qI2A4OvsXm5kniYWFNCYqzNXI3XN6QrR9jZjAzZjI5MS0xODRiLTQ3MmMtYjg2ZS1iYmFjZTcxY2QwYmY
syy360@yopmail.com,b3fe9d35-fd77-46f8-9332-56160def5672,vdNNG3e8nQOLa-S8TBBGYvAVTAHMf10x-FumxTJWCehkMzBiNjk4My03MjM3LTQzMDEtYmVjMC1mYzE3OWQ1MWMxN2Y
syy359@yopmail.com,3eebd608-5316-44ae-8b86-3428daa2bf46,nINBJnNLmqSnhDytrR1JwuQ73g5uOyIHduddjuDLIPVlMGEwMmE4Zi0wMmM5LTRlMWItOGM0Mi1iYmY4NDEyNzI4MjM
syy358@yopmail.com,20121386-103b-4564-b4c2-e559be36749c,7V_8oXL6NC8hVPCb4fP-X-gSMzOYIMiSeabBXHopyY04M2Q3MTBhMS05OGFhLTRiYjctYTU3YS03MzY5MDZjOWNlMDM
syy357@yopmail.com,983ec8e3-fd2e-4a2a-b8a4-e922f2c27e6c,SVjZ3jEVE0O9LMMgOBtIFExRJE6nQ9lhtWBzNxRxj4w3ZjRjNDQ5MC02Mjg0LTRkYTQtODMxMy0zYmE0NmE1MTY2MTM
syy356@yopmail.com,946be93a-d017-40e6-832f-1c38a15031c9,hrYtT7wF9Zpo0MKgkjJ2-Hx1aPytTyFuOd1a-waYrYlhMTE0NzllMC05NjgwLTQ5MjgtYWZkOC02NmU3YzYxNGVjMjU
syy355@yopmail.com,4cfe55da-b87c-4bbb-92da-ef36c7ec8b71,5XNjMJQE8shNqt1VC_8-l2XYn0HVHc3Nd5tJw-boBCs0MmNjNWRlYS0zYjRjLTQ4NDYtYjRhNS0yOTc3MWQzMDQ4ODA
syy354@yopmail.com,2dfd73ab-18ab-4e97-9289-2e5d72034534,CnN7AxOGfdCSKx2Qa38HyjvYXR4nmNix15ILcV-i5ZpmNmU2MjI0Ny01ODE2LTRhNTYtYWYzZS00MzBiN2EzYThhOWI
syy353@yopmail.com,53fe4891-6cf7-4e1a-8721-3b4bb92523e2,QYjU80DqzhuSwfJZyUWK_1KS99CVmzGU4F18hBy8RqxiOWIxZGQzNy1jZDI3LTQ5NWUtODFkNC00MTNmNzZmZjQxYmU
syy352@yopmail.com,a289ce1c-0995-4ba0-ad41-869f4508516e,Y9MmkxFW2Jh7ShvOX9HWpoAsX9VGjrc408VZ82Hci0I0ZGRiODY4NS1mYTQyLTQzY2QtODU1ZC1hMTRkZTYxYTVmN2U
syy350@yopmail.com,fd214b30-1a8a-47b4-820b-259484597f24,Sj4QgyPFfpaCmdT8yyi7PG-zVJ-BjWDUVxf2OOBWwf40YWI1MjRkYS0zN2EyLTRmMDQtYmVjNy05ZTVlYTU3M2U1YmM
syy349@yopmail.com,3bc5c2e9-7ef9-40bd-89f0-b8a45c022487,LhL_V-TcqGQ9M7Rtgid89EjLJHpWTgf08mmY1982HiFhODE1OWRiOC0zZTNkLTQwNjQtOTczOS1mYjVhZWU5MWEyM2Q
syy348@yopmail.com,f3604164-c64b-4f56-8adf-83ec836fca87,0gfAKCwXWCycPqafpQzOWyFSsqkfihMsu2P0TGNW4UIyMDBhNjMwYS00NTdkLTRmODgtOTQxMC0xODZjYTUxYWEyZDI
syy347@yopmail.com,4f9838d6-ea37-4fb5-8960-7fa038dfab12,NzXo58AVCCnasQ0h8muzBJKlttWhMS8YMILsw0yiUb4yNjA3ZDI2Yi00Mzg1LTQzYmYtYWViYS0yMTcyNTFlZmQ4ZTY
syy346@yopmail.com,bba38cd6-4712-4afc-8f67-6a43de6493b4,_PIudZpNeMpxql5BuNEtLXLa9vc7SuMNb8BcGOpwJTlhMDFmYmI5OC1lMTU1LTQxYTgtOGQwMi03NzZiZDQyNzlmMjI
syy345@yopmail.com,f0e88c45-d3a0-4318-b16b-8b5553ae71b5,rVm0w6zoUxpimJYmY2c2YYp2ZfJpE_HlrkEobh9U4eAxNTZhMWEzNS1lNWEwLTQ1OTAtOWFjMi03YTE3YmEwNjlhZjg
syy344@yopmail.com,9871d1cf-7df0-4e50-a235-8b0dbe3ab115,KohrL7PNr4s959ezvtXTWxopXr7ta91z_LZse01t9hE5YjUwZmYyMS0yOWRmLTRiNmEtOGVhNC1lZTQ2ZDM3NTYxNjc
syy343@yopmail.com,65690d68-720e-469e-95e5-a6abfd38317e,TEL8aC-xSsNEuH27_Ym6S2M3xwHd7zwcJ2c33w0L-kFkYzc0M2RjYi0xNDYwLTRmMDgtODBlNC0wMWFlYTkwZWRiZTg
syy342@yopmail.com,2bbbfdd6-82a0-4ddb-a2f4-3a0116faec80,PubfHLvvQuTQgUluXnb6JbJnAaGy7S-1CIlmvUEi3qM1OGQ5MzNiMC0zNDA1LTQxYjItYTRhMy04Y2FjNmYyNGJiOGI
syy341@yopmail.com,ec106cc3-e0b8-4d70-aca8-5334a7f09741,7e60Zq7wr9FJg5Ew8Xtt-hxsMrPVs5LjFIzus5ELH_VjNWI2M2RkMC1lN2FhLTRiZTAtYjA3NS0wZGIyYWM5NzcxYzA
syy340@yopmail.com,18f3d57d-fb25-4669-b74a-54f0779feec2,5ELlH45bGFwJ7aZsb0strvodS3Pfg4DeifZkdLph1wk5M2VjZDc2ZS0yODU1LTQxNTAtYTg3ZS1mZDdhMjBlYjIyMjE
syy339@yopmail.com,cb3132ac-9ea3-4dcd-a9ce-34a6e256e1dc,vGjIl4vhiSfam5K9Mz40t_OYGP3eweECC5h1Uk6qa7sxMjNkYzQ4MC05ZDI4LTQwN2YtOTAyYS03NmViOGFmMTc3Y2E
syy338@yopmail.com,1e6fc6e9-9185-449f-96eb-6e66347567c9,oHEex82bo60zrRMvDWl61i66lGIJzX21_bUmZyxbF6QwZmUwYjRiZi05NGY4LTQ0MTYtOTVkNC02MWEzYjYyNDVhNDY
syy337@yopmail.com,beb28963-de26-44da-aca1-ce5bc9824b90,yGaA7hU93heuNTmqmdrVixG-XOPCyttRbNOIP6ifRys1OWNlNmUwOC1mMDllLTQ5MmItYmQyMS01NDk4OWM1Y2QxYWQ
syy336@yopmail.com,16da11ad-8e63-41ac-ad2b-38f56168533b,WlbwWrqJHYa8OLeyjIlWF6IVnSR1OkO27hKnUI7EqrNlOTIwODYwZi1mMjE4LTRmYzAtYmNiNy1lMDBlNzFkODJmMjY
syy335@yopmail.com,8a5639d4-9d7d-468c-8b81-e648f6c29d1f,p3YY1kVD-lz800NOL78Ed-ObIj4NczODdzOyFttE5wRlN2FlYWY3Yi1jYjAzLTQ5MjMtYTU4ZS02MzQ3NGJiMjNhMzE
syy334@yopmail.com,2cccb199-d7ce-491c-9540-e20a614d414e,ckObGTVjgcj_AwZwmIJkp8RqWrxKUxER_Kxlv8nE5mU3OWU0ZWYyZS04ZWZhLTQyMjUtOWJiYi1lMDc1ZGM2NTU5MzA
syy333@yopmail.com,02fe2fca-3f7d-44f7-8ec5-09cf645581e3,YLiNwzgB7d5i91Ef2cWDdAT4mMVLmmERNloT8VC24oAzNzI2MGZiZi0yYTYxLTRkNWYtYjFmNy05ZDRhNmQwNWU4YzA
syy332@yopmail.com,50d635ad-299f-4fe0-9f81-081bea854ef0,ug4ulwmJP4o1JzbH31Qfv5d7_nMqjV6ynk0nk_0ewOE5ZjFhNDQwYi02N2NhLTQ0MGUtYWYyYi0xMzZiYzhjMjJhZjg
syy331@yopmail.com,5a4500fc-fbf6-44b6-aa31-d8a146fae29e,YPW86Tf6gKWy1AXOiaXhKlWh939RSVn7q8TtvVqVp39mMTI5M2QzZS01YjljLTRiMTEtOGZmYS0yZmVlZTNjYWNjOTE
syy330@yopmail.com,60ab712c-8292-4f18-a36c-a7d6de0ebb11,oCoWFrvFnAXgECycKVdOukwpU3Lt1kT1bl3GXp7_NRgyNDI3NmFlYy1iN2E5LTQzYjQtYmU1NC01NGU5OGNkYWI0NjE
syy329@yopmail.com,30e767c0-7042-4857-8197-5eec11df7d7b,JJDXC-9_1uavohqvQbVMDxZm8YVBxJgO-zcx8WLlfJQxZjBhNGNlOC1kZDEwLTQwOTgtOTdlNi02OGNmODc1NmY4YjI
syy328@yopmail.com,7281a7bd-e6ac-43e0-bdf7-f39fa41d91ba,KKqNKft4mMyBY4E_Lbse2wPbAF1uylzfTtsez32rTzc3ZDdkMTZlNS05ZjU0LTQ3MjctYTc5Zi02MDQwNGVjNWI0NGU
syy327@yopmail.com,8e7076e3-5a35-486f-8bcf-b2ee85a4497f,QFyEGWFvOqIKgG5hJqaJ_3hTOpsxwIMo19OGnclS3fZjODZmYTFkYi0yYWVkLTQwYzctOTFmYS04NTA0ZmE5MTg5YTI
syy326@yopmail.com,973ef5be-ca8a-4e88-9529-8fb7f58da43d,Jgf_C7ucVXT4SqwlgA5p4KhhmxU27LlFNC1Q9_xgiAw3NjZmYTJmNi0zMmY3LTQzMTctYTY5MC1iYzYyMGU1ODlmNDU
syy325@yopmail.com,909799c6-5ed7-4876-bf29-f9d358338c89,qMyVq7jD5IAwKOwqs4HfZUdhlWkCLtXm-9zTFf2XkAUzNTZmZTliMC1kNzIyLTQ0NjktYWRjZC00YTY1NzRkMGIwN2U
syy324@yopmail.com,b30d24fc-9afa-4238-b25a-4bf6c92ee577,OpT49i2UezqR2Qs4esR3dBuMJtzJKh5LBciQNm6VvDY5YzhlYjg2Mi0yMmFiLTRjNTUtYjI3OS1hNGQ0M2Y5NDU2NTc
syy323@yopmail.com,237d459d-8f3c-4f0d-baa4-ba8037a547b6,lgX3KJG_w8k6LclUiyE_Mtih9hzkX_CZFVGIYPuYgy40YTRmZTE5Yi1kOTI5LTRkNjktODY1Yi1kNGQyOGI5MTM4MDg
syy322@yopmail.com,c80b4216-ae64-475e-8f45-fb1b9078ac79,PrEgRfcC4AhIVolODBsPRH0sAIN6y3OrmD6ADi7IfrUxNjZhYTgzOC04YjM3LTQzODEtYmMwZC1iMjBlOWU5NzE3NDU
syy321@yopmail.com,4400699a-f549-4c4c-84c4-79f3e9ae0cc6,8BzixIuNstgJfF9DLwZGTeCGNBQl-Y2tXniqMnIudpE2OWJmOGExNi1jNTVhLTQxOTItOTk0Yy0yMjY4Y2EwMzhjYmI
syy320@yopmail.com,7a37a5b0-d979-47dd-b6e7-fa17272a4635,B5IUZ72NxKi5j0BIxJmVHWsRwqBoQUKib1RumwjzthdjNTc1ZDEyOS00MjE1LTQ5ZjYtODJjNi0wOGVjMTdmZGJjMjc
syy319@yopmail.com,9808fe5c-7a4d-4c56-9444-27fbfb5df1f7,pNiU_-tlrbEZUKcuAOMz4YNuXXy59joX06IaueoqiIViZjk2NWRlMC1hOTI3LTQ5ZTgtOGMzMy1iZWZjY2I5NzcwMWM
syy318@yopmail.com,fb538080-343a-4754-aa13-8935c0f8e404,nAskNR1Vwef9xnhbUDWOFwriybEiw9dNALjjPfmxGRJiY2IxMTdiOC1jNWJiLTRhMGMtYmNjNC05MjY0ZTA2MDM3N2Q
syy317@yopmail.com,c063d226-6fc3-432e-be87-5154fe605b07,o-UgYa-9V7YZXnMqBslwJZkf-G1cTsIKw_cshW8NNl03Nzc5NmRlNy0wYjRmLTRlOGYtOTBiZi1hZjE2ZmE2YWNlNWM
syy316@yopmail.com,56193a74-c0e6-49cb-8763-a7b5fbcb6e5f,87DU8YTg-0tfgK08tgIWjnNZisqMBWXUbDjGlpOdoNhkMTcwYmMyYy01MDQxLTQxNzktODU0My0wMjFiNDgyZmM0YTY
syy315@yopmail.com,977f9064-407b-4931-9158-0183214064b9,5AEXMz3KhU0tacRSs2blZiQvc4O8JQPCp1ILZgwtboIyYWVmZWE3Ny1lZjk2LTQ0ODItYTg2Ni01YzRjYWIwMzE4NmE
syy314@yopmail.com,c8b93631-2d57-422d-a9c0-494e10707b87,FKh2NI2GvNZ8UQUr6nojrvCw6JKK69v3V4b91w5U3ckwMjg4NzllZC1mZjNjLTRkNmQtODIwNC1hNzQwNjA3NWYwNDU
syy313@yopmail.com,23b1ca95-3c29-42ce-b533-8dbc5fc31c97,GiNKMYbGlduxs-1y_ku0MZPmXqwvaV5w95eSm11NExYyYmQxOGZlMS1mZGExLTQ5NjYtODMyMS1hOTM2M2RhMDI3MWI
syy312@yopmail.com,797176e9-591f-4ba5-a371-6c9a949baed4,r6LaRRJehkckAXuc-JhtFO8ZAP_CmzQLMqvFzX3VcaE0NTUyZTE4Mi01MTQ0LTQzYWItOWI5Ny0wYmY0MDkxMGE0MjI
syy311@yopmail.com,375a1f4e-8add-4137-8814-558fcedbed0d,9QSbX848rUltWTxjS3keGJO_gvJT0Q1Ict1k_isx3NE4NjUxZTQ3Mi1jNGU5LTQwMjctOTBjMi0wMDJjNTAxMzk1OTU
syy310@yopmail.com,984fff12-88ac-46cf-80f0-d50a79d28ee0,f7teFosKbTbUV0qnTBUuCNo2mK11X1Z1eOr-f5TOarJiNzhiZjk0NS0wYzI1LTRmOTQtOWY0YS01ZDIwYTZjZjQ2YWQ
syy309@yopmail.com,ab63502f-9bbe-43b8-852a-285665468420,HLMZ5fE21gmD-n4q2Xvx0jpHASrGYWJUAT8APT4SxjNlMmViZDJjNS1hOGQwLTRmZGQtOWYyMC0zZDI5ODJmZTMxZDM
syy308@yopmail.com,eaecbcb7-93dd-4437-b25a-37c28a17f043,YVFR959ymYOP7vnFsmz_7YMopgChGt4GIjdhxWrKG6IwMjU3ZmI5NC1hY2IyLTQwYTctOTEwNC1iYWJkYWRiMzM1NWY
syy307@yopmail.com,90d23d8d-46ad-4065-8639-e447228bb380,izEq6HuZGULhO5s1TEAsGbT01rBMx3trPexCakdVZAFiZjA5ODNiNy04ZWNiLTRhNjctOThkNS1hODAwMTc5MzE1NzM
syy306@yopmail.com,9cd08905-8298-496d-a147-7ef40fe325f7,D_ufD9IWYDJBWuDGHyghrHcvlqIEzRWESARPRByH0cE3MjRkZGM1ZC1jNjIxLTQ4NTctOTMzMi1iMTRhZTNkOTlmOGM
syy305@yopmail.com,d7993d9b-b2cc-47d9-9167-d1c60c991bfa,fToKhQsbmEo27yZtkHHWqqyqS1QQJFi-M3Sz_kpvtBtmMjlmYTUwZC1mZWEyLTQ1NWEtYjU1Ny0wYjY0MTM0ODY3MDU
syy304@yopmail.com,ac357ef8-295e-43fc-9773-0cd540f4d64c,yZyohUnXyd_KSWPXbF82vFW3UuDyFXdRsM_CmCDS_98xMzRlYjgxYy1lNTM4LTRjMzEtYWE4Yy0zNmM5MWI0YTUzZDE
syy303@yopmail.com,1967da15-6af5-44ac-8a9c-0362650fb601,yD3KfkhS6eYKfpNFE38dW0wIqu7hn6a5Xgzm0F3yzsxiNGFlZGU5Yi02ZWQ5LTQxODktOGI4NS05MjBiZGUxYjIxZmE
syy302@yopmail.com,89e84c17-466f-4a1a-b56c-134a3065e69a,dc8jyx2lu3BJgn30Vbu_i-y6IuumYRrEExSnJPRlurhiYjBhYjlhZC04ZDk2LTRhOGEtOTFjMC1lYWYxYzk4YzYwMmM
syy301@yopmail.com,41080b6e-a8da-4a42-867e-f29364e72498,WiowV-ikSmgm-cBrUXyzI31hWRCxXirgbWOwQrxtEcBlM2UxOWU5Mi0xNjhjLTQwZjQtYmZmYS0xMzJmMWQ5Y2YwOTI
syy300@yopmail.com,707fdc30-d43d-45a5-8974-dbbe84f34ef3,owYPbI-joiZ7olV57mgeJz0rJb8k9np1xLIRp1CAxWM2OGRmNWJjMy1kMDE5LTQyNWQtYTYwYS1hOWFkMDdkOTQxOTg
syy299@yopmail.com,61770fdc-8c5e-4fbb-849e-f1e5c4598149,E3kYyBMpgS-HTOCOEm2_HEChoivUhn_U4HKkZYCC3dpmMzI5NTcwNy1iNjVjLTQzYjUtOGQxZS1kODQ1MDEzODdkNGE
syy298@yopmail.com,9750d3b2-a97a-4da7-8e07-30bd6d60958d,tmzTWOmRe2qpXka-eQ3XYmhMNkr_tZrKJ_MtP9F4PZthZTU0MDdiNC0wMzNlLTRmNTktOTMwNS05YTg1NGRmM2Y3NDQ
syy297@yopmail.com,ee368ffe-ebbb-400f-ae10-ad13ab9d2026,Tk-yWGfYu-xQdtxu6mm-1WGhTN8-dIbxOljZJ31x7ntkY2Q0NWJmOS00ZGQ4LTRiMmYtYWJjOC00NDRjNWNjNjUxZWQ
syy296@yopmail.com,8846ea3b-ced9-48a0-859a-6855c47003b4,3ZIiFIZc_TMzmV2EJ0OyY5pBxYQTSV6J71yYccZfHlU4NDg0MzVkYS0zMTQ3LTQ4MDAtYWYzZS1hOTA5YTM5ODI5N2Q
syy295@yopmail.com,884a50d7-5049-458c-9859-2e20c779c467,uDbHxkFH52lsylOMhVZBgUeE00NB21FqZxPSb_jTpiQzN2MxZWU4Yi03NWY5LTQ4NjQtODlmZC1lMDljMjg4MTllYzg
syy294@yopmail.com,c37e9f0f-9eb8-4362-9e27-f0be909e2d88,GzskRyaAXIj9OTkZnCSTVLe8gWORJk5WOlrWAO11nrM0ZDNmMDQ0OS0xMTE1LTRjMzMtYjVmZi1iODhkNTg4YjlhNjQ
syy293@yopmail.com,fda43bd0-2064-4d31-834d-40bfa996e943,Hp3VkKp88dG2pvf4RygNhqflviWEhWi-l8K_ukQ0kd9lMTllOGY1Mi03NDliLTQ0ODUtYWU2My1iNWM4NzkxMDdjNWI
syy292@yopmail.com,d7dde452-5d38-4307-b174-596294d9949c,pmJN_i8Mf-MfLWtHz9keMbwt4lSonygRTvpfRllCA3gzOWZhNjRiYS0zYmY5LTQ4NTYtOWYyNC1jYTQ2YTZiMGE4ZTY
syy291@yopmail.com,31cef2c7-2f19-4295-84c3-c922df1929cc,UhEssOPiGP9PXF4w84xKmvrAQCxoSwKKmHGTiVqaOi4xNzY0NDE2ZS0xYjVkLTQxNGItYWFlNy03MGMxODA2NjNkYjU
syy290@yopmail.com,97b410e1-6e5b-4f3c-8450-a6a6b22173a3,kMxCrd3Q9237QEPFdpLSTOhI-a6sAeTSL5HeIJ3m9MBmMWJjZTQ3MS04ZmJiLTQ4NTQtOWQwNy02NzY0NmNlYzQyNjI
syy289@yopmail.com,2c00fabe-0514-477b-bd08-acb4f284a689,xeMR95X0revNFT3tiqXYJkCm-gU34ZoGeXzsK2O1DTdkYmE0YzZkNS0zZWYzLTQxZTMtYTBkZS0wZGIwMzFiNmJiNmQ
syy288@yopmail.com,73ff4dd2-42d0-4f98-91c7-c23108ee600d,xjBTNoiMxltac3IAXgZdbsn_wPaIyNHy28hfqDPKX3M3YWRhNDYyNi1iZTg1LTQyMWMtOWE1OC04NjlmZjJhYzQwNmM
syy287@yopmail.com,e2ced587-f796-49e1-90c6-92a04265c4cb,V_maESj2_mCMDFd9oPz73tDEBtQKvXTsjZkqcloeFmIwMTVmMWMxNC01Yzc1LTQ1N2MtOTdiOS02MDkyOGYyOGZkYWM
syy286@yopmail.com,227c6bf5-845b-4051-92ee-be088ffe7e9a,QbjGpkolvZbbIvYZN27ml0AaMlTPvZNqQsdMBlgotgljNzZlMjhiOS1jOTlhLTRiMTYtODk4MS03NWY5MGU0NWVlYmY
syy285@yopmail.com,59db0847-de88-42de-b257-387b5144dd96,KaixSiGCawvtfRR-rYhFglPJL8UpRJKWfM7vD4yqt09iMjQ5NTA4OC1iYWRjLTQyMGEtYWViZi0zZTc3M2I2MWIwNWM
syy284@yopmail.com,e4f8c13e-c2d3-4824-b650-198e0ab821e9,tuUSU0jRl27U1XcQvsb5onk0fZQd29EMz_J_VIdhPJo5Y2Y2NTNmZS0xYmY4LTQ4MjMtOTE2OS05ZmZkMzY2MWUwMmY
syy283@yopmail.com,0b43b098-78fe-4d1e-b75d-9c5aa332c685,FgUneLLSKYfkLw1n2HNimuoRdiaM_qQSIN2XL4ejRyBiMzVhNWIwYS0xYWExLTQ3Y2MtYWFmYS0yYWEyMTU2ZTM2MGU
syy282@yopmail.com,603e96da-ff52-40aa-b4ee-0057b51b56a2,i7GqQn89b5GxVhvg0888KCbGH_x0VWCmgzsUmy2jXl1kNWFjYjU0ZS0xZDNkLTRhNDAtYjA1OC1hODQ0Y2I1ZDA2MGE
syy281@yopmail.com,ff98dc94-3426-4656-a349-0d2c8eb79576,Fs0Wc3Uk7HvOd-F1kmt0t36N2udI2wjR-fPxn3f-O-w0OWIxYjU0Zi03YWE0LTQ2ZGItOWExZS1jNGIxYmI1N2I2NGQ
syy280@yopmail.com,d1a931ed-d60d-4515-a37c-8815df70d087,vKFvKYVsztCJAGunWB92JGWjOVpLX5uwtO0R4mJrQC43OTI2ODNlNi0xYmE5LTQ4NWMtYTk0Yi1lYTk1Y2Y0MTk3Mjg
syy279@yopmail.com,e2a0bb1d-1e46-45da-873f-ec29c45ebe05,Ey56vddUNK1KLCCTl-aEBl52VlnSUVhJiHVxxmOv2gBjN2E4MTM1Zi1hMjJlLTQxMTAtYTI0My0yODRjNzg2MjBmNGU
syy278@yopmail.com,00e96a95-dac5-4100-b7bd-801f57626092,PPnKccdxZnWkV0rZDmK_7BrqrEr6p0KAqPuWFPqOXoliYTUyMTZhMC0zZjBiLTQ0ZGUtODYyOC05OThlMjZkNDNlYmQ
syy277@yopmail.com,ca6b267e-a1d7-4eb7-a78c-4727a09c803c,0STe3FwB20jrwEBjK7sqHPiLKRMvGYKJuiEqL2BFC0ZiZWI4YTlkZC00YzgxLTQxYmUtYWQ4Yy0wNzgyNjYzYzkxNTE
syy276@yopmail.com,70b3a33b-1e7f-4f46-8a45-76af8deac109,dHiuFoBMG-VP0ju_I3HRu5LieyxZzIbXLHgyneAJ6QU5M2FlMWI1Mi05YTQ1LTQyOTAtODI0OC0zNzkwZjljNzlhMTg
syy275@yopmail.com,d896f41a-d267-4afe-9cef-67b7d399c298,5aYVBcWcv42nF1gSq30542T2oOPRBpunAKUyfadSVshhYzlhMWY3YS0wMWMyLTRiN2ItOWY3Zi0zODkxYTUyNDM0NTE
syy274@yopmail.com,9329a5c8-11c8-439d-9b84-c14a11e529c5,jcE4cxHBx_2IY2Hc5LCmCXDwz7jGV2c-ylqYFgpDmk4zMDUwNWU4MC1jM2U4LTQ0MWItYWQyNC1lM2E5MTQ4YmZhN2Y
syy273@yopmail.com,fb675448-8ad6-4df1-9e56-431bb5dd2ddc,ZRgW-8a5Zsu9hdTq-2xQ5lLbHMZMr5q8JZvFtD0YrW5mNmYzZWQ1Yy04OTdlLTQ1ODktOWMzOC1lYzQ1NjFmOTViOWI
syy272@yopmail.com,9ec8c06c-0a74-499d-a6f8-30b825717b53,RJstrEV0NWN12e0L-A808kb4lrEKhLkd7k-R3fh4Ajk0MjVjMmZhNS0zOTljLTRiYWMtOGQzOC0yY2I2YTc4ZDEyZjA
syy271@yopmail.com,235b2423-cc1f-4f7b-b879-dd72a575de4b,Sf6YZqr-4h9YKi0NHBiosV4hxvED3X4S7H4rvwMCIwthNDMzZjg5Ny0yZTQ0LTQ5ZDYtYWY3NC0xYzU3NTM4NzVlODU
syy270@yopmail.com,31e6c236-e02f-4920-a2aa-5f81cef182d5,tCQStQErM3nwCoNWsFCYQCBsBeZieYnSJp4MH4dZ7D5lYmVjMzA3NC0xYmFmLTRjOTAtYjQwOS1mZTMxYzMzZDhjMzM
syy269@yopmail.com,c98c3525-cca4-4b52-aee5-4a0eef4d1072,9y2B8d7mjrd-mPSLf8ebn2I4id5MOP3WhwMGGHoQvFoxZmQ0N2QyNy01OTE3LTQzNDItYmI4Ni1jYWVkN2JjOTA0NGQ
syy268@yopmail.com,9eb7faf6-1abf-4be1-8395-163e07ee72be,cVkCYxOX4tDwCDTjUTa4q1hP-3IkG9M_LP7KE_YmAbhkMDhiMDFjYy0yYTcxLTQyYzYtOTViNi02OGJhMTlkNGZmM2Q
syy267@yopmail.com,f7042335-6180-4369-806e-b68a35273c58,8l3gKfYmGTx-xfLupcRkda7svMLULUVtSfNXwFf0Wp1jMGQyZjBiNy00ZTE5LTQyNDEtOTQ5MS0xNjMwNjhjNTAzODA
syy266@yopmail.com,888e0aff-627b-42b6-ac51-50dd539d721e,zewu3b8pPBoICQ33w2V3br5661hpbv31iG4jahS1_Cs1Nzg3ZjU5YS0xNTMyLTRlYWMtYjFjOC0yMzk5M2JiMWEwMjY
syy265@yopmail.com,4049dbe5-cc0f-4945-8c96-d743975474f7,HpT_ByKETmg3oz67bPIIxenpvri-YYLnyC3P4lDSQbZlNDZlMGQ5OS00MzAyLTQ3ZDItYTgyMS1kOTY1YWIwYWI0Mjk
syy264@yopmail.com,1b60dc2c-a3ff-4e85-ae3d-d83b6901643d,tXWcXAQSI1MkIl93CiiSlmKRCOttLviyAyAr8FWzg5s3MWI2ZDc1My1hMmUxLTQ0NmUtOTEwNS05YmU4NmJlYjNlYWI
syy263@yopmail.com,704cb93c-ed93-4434-b56d-72bf390c121b,zegCsY8tOx2zKXBg2KIyQwGJYKrnzVclWqYOz5qR7cNjMTQyMDJjOS1lMmY4LTQyYTktYTM4My02NTkwNDA4NGU3MzQ
syy261@yopmail.com,5a686eab-dbe9-4208-a2d6-165a7df821e8,zi0cFDVrbvolBdJirBq5ONoQS9MixKyp9Ksev2UgXgxhZGE4YzMxMC1hMjcxLTQ3NGYtOWFjYy1mZTg4ZDA2NzRiZmU
syy260@yopmail.com,7ce3951e-563e-4a63-83c9-443d31702b3a,MVcM1cmeWSpywoxa7RFL_QjubuuaKxPxfCEh5hqLysZlYjU5MGMwMC0wMWU0LTQ0MzktODdhNy1mOTZmNGQyOWUwODc
syy259@yopmail.com,070fe65f-3e36-48db-b100-0dd836676e33,eAeSqYp-yppd1aiTq0c_sEMjtzjXK11OoFb9ul1DCEs2ODYyY2IwOC1iZTYxLTQwNTEtYTNlOC01YTc4ZGYzMTNmZGU
syy258@yopmail.com,cd4c56a3-c555-4c96-bba3-3359a6f589bd,Lc2pJQeWhD_YskzkGGP-XdloUwnyL5PFwQPgxwqen_8zZjQzMjc5MC00MDcwLTQ0YzAtYjY0Zi00YmM3YTcxZWY1Mjc
syy257@yopmail.com,b5364457-0fc4-4fb5-a9a5-cef71296431c,DasVYKcY9r_wB3y17ntj5baqz8Hxvk7jlYmTUGHvYaZmMzU4N2E0My0zOTIwLTRjZTYtYjk2Yi03MmYxOGMwNTMwNWY
syy256@yopmail.com,0b932491-6bc8-4dea-b5cf-c77e4c3ceb7c,Bqb6wDya_ucnqyvFEF7A0p8LIyN6E5-kO0Fs5KCk9IplMDRkYzM2NS03NTNmLTRkY2ItODM2My1kZGUwNWViZDBmMjI
syy255@yopmail.com,91952d8e-6434-4e2a-975a-565e22fdc95d,PdJeIHUkFrjtOL3eT3ob6hC7wTAXbocBvhJhcnsac0pjZDQwZDRmZS1lMWJlLTQ1NmQtOTdhMS0wZDFiNWNhNTA4Mjk
syy254@yopmail.com,8ec47e12-6507-4a9d-a5c3-c194fa1d51d5,yCxVDP1MxI-lD7bN7vSbipmkBkB8Fl032C4-j5mU9bE2M2NhOGZjNC03NjVlLTRlODEtODM2NS0xZjViMTVjZTgxOWY
syy253@yopmail.com,01438b48-263e-494c-a697-817a5e12fa19,J8OyKSx1-sRVct_DUtMJreV8XRW1kWTJ3hAxRZUFl744ZWMxOTM0ZC0wNzVmLTRjYmMtOTUxOC0xNTI2ZTQxMWZkMWI
syy252@yopmail.com,54bdc4eb-fc23-4701-9ea7-d9da6298521b,mios6SWxERt8Y90PutjtcgtbBk7GLQKhR1e_ihnA3rcyOTNkMjgzYy01Nzg5LTRhMTYtYjJhZS1iNTc0Nzk1NjU3Njg
syy251@yopmail.com,849a0970-16bb-4fe5-9b18-49c92a83006e,1LGezKhZAhoGuiIY3iCllPlJVBFju4jMGIwy5iyrAQAwOTI3OWQ2ZS03Njk5LTQ4ZTQtODU2NS05ZWQzOGEzYzEzZjE
syy250@yopmail.com,66ceb449-f274-4cdb-a8f8-567d90c6469d,qf6ttewwGQLv2Nh_gok4xbHHLJeqcP2wUN7bWdEaTUYxOWFhYjc1Mi05YmNkLTRmZTgtYmVhOS02ODk0MDI4YTI2YzU
syy249@yopmail.com,70381e63-fe80-4b64-936a-b8870e6c979f,g4pPoW8HemJgvjLss-z_9wc8UtxpPhqySaLj-HNcDIgyNDIzNTkyNi03YjNkLTQ1OTMtYWI4NC1lNjZhNjU4ZjY2YWI
syy248@yopmail.com,d5cd6214-80c4-4f84-9ed5-be9a1f28ed64,zXdgv_Yt58qBON4LuROv15M_C3zLxnxLaTWsEscRl4tmNjk3Y2QxZC02NGQ2LTRhMDAtYmEwMi0zZDM0NGI5OTlhMTY
syy247@yopmail.com,10d9cdf4-8366-46fa-ac5e-82a215f19e1f,wkk9lcmhmIchWNMlKOs7Iz3y0hhLgDumJNoFKhIMDyE2ODRkNWI0Mi1kZjA3LTRlYmYtODExNC1lY2MzYTkyYTBiMzQ
syy246@yopmail.com,ad517f64-b310-4473-a843-901e7e203449,VxtyM5fCLSbu0DXchCKwBWhBz0YSs_vOnl7yvB8DOKg0MDBmMThiOS0yMzg3LTRkZmItYWRiNy1jMTM5ZjE3MzdkZTc
syy245@yopmail.com,2586d01f-cc72-4bee-8e6f-352921ba76fc,3MGnY3gCVQ3kbFFWGUKHItCskTdcKolbesL51e9aH2Q1NTFjM2I0NC1lNTJjLTQ2ZTktOWEwNC1kNTc3ZWQ4MDlmY2Y
syy244@yopmail.com,13770a58-b506-4c85-836d-930f2496f65b,X_YIgqi3tvcX-qbx8_qNYiqkf0TLmvZbq5TriHWbeoU5NTFmZTY3Yy0wNmIxLTQ1NjctYmE4My04MzkxMjFjMjAzMmE
syy243@yopmail.com,2c627edc-d39c-4069-86df-a95f66f7bba0,9flnOaVGONmZOI1vaEyPikDSU5D-0dPMFqbpEF77POQxYmFhYjRmMi1jNjdkLTQxYWMtODhiOC1kNDdhM2FlOTRlYWM
syy242@yopmail.com,95b4a787-ce1e-451c-af74-dbc8d611d7bb,zLqYXLvBN9RxCppbLSPPCAn7hNLQ4FtICjAEf_4ux05hMjI1M2RjMC1lZGNlLTQ2NTUtOGY0OS1lNTAzZmUzYjczN2I
syy241@yopmail.com,6c8fb834-d91c-4183-9dae-24a1bf1aef2f,4Ql3_LlEkb9BRQqkYWEtr_jfhDG1-wmLrgxHiY1Dqu5kMDAxYWVmYy03ZDc5LTQxMTgtYjEyZS00ZTY0MzU4N2JmNzQ
syy240@yopmail.com,e2edcc82-a9ce-4df2-b82e-80d5a59a0cb9,Fw2oREEnMrdG8HQS6ijJo6UnvrymZJyfLE38fHQ8ub80NDJlY2Q2Ni01MjU2LTQ1Y2MtYWQ1NS1iNWY2NmZkOWVkMmQ
syy239@yopmail.com,31f11624-11b8-428d-bd0a-95b10b9d939e,9mS5wlPkiopcOk1dS6_MKJVngxhvvIWj9sp3Gs_QyJI3ODQzNmVkOC1lNGZiLTQwZGItYWFhYS1kZTRlYTJmYmU5Mjk
syy238@yopmail.com,f0e4973c-2c2c-4f13-aa5d-661c6a68a4d4,Gq0R2IhUXArkfBsc0mo3HKEzrvSueoy3jFegNuUwL_Q1ZDMxZmU3ZC1iNGQ1LTQ4YjYtYmE0YS05MGQ5YzY1OGJhODg
syy237@yopmail.com,7021dff7-3671-45f8-8e5c-9f557c176b23,V6FprQGGhq4GEar0EwkYevfE4I5ZcXT5XG8V_j3-1ac0OWI1ZjIwMS1lZDlkLTQyN2MtOWRiMy1jMTNkZjA0OGVjZjQ
syy236@yopmail.com,dbc9c178-88b1-4d33-b76a-920b89fcca29,MWtLWWX5NKt9MjGIHCqPca6K06BOTOuBM4Zy_bKwxOE4ZDE0NGZiNS05ZGU2LTQxZjgtOTkxNi04N2FmMDM2YTgwNmM
syy235@yopmail.com,56232f39-0550-482f-94a0-ecbbd374a8f2,VBJr1V3iUulm3yhgMgB_71Io10J1TNr6t3R_w7W7tQU3MWZiYmNhMC02MTcwLTQ2ZjQtYTgxOS01NTk5M2VmNmQxY2U
syy234@yopmail.com,278a3164-a704-4554-90fc-0b27224df4bf,JsLSeJ4zQq7RrL0HnBFfCScbI5FSz2hDlLxd1NQ5FZZjYWE1NjQ1YS1jMTg5LTRhMjctYmI1MC05YWYxNDJjNWY5YTU
syy233@yopmail.com,97957ae1-545d-4553-8885-78cbfef8dfee,TLQWMT8WGhSzV797aTIWuhGJBH1iM2EBvvRlXCBWIts4MjRlZmJjYi05ZjJmLTQ3YjktODY4MS1kNDZiOTA5N2RmMTc
syy232@yopmail.com,eeb767a1-a25d-40c6-adac-9d5cc1cced7a,5ZkCpuBtdDHGyEm-4Dut2L19EX0WNX7RPoiWdryzk4BhYTNjZDNiYy1hOGRhLTQzYjQtYTMyYy1mOWQyZjUxOWMzMTQ
syy231@yopmail.com,fd81e923-706b-4445-875c-c8fe5ac2adf9,goB3ypge3FYjVIilG5RcW6AvBaRwk9RqODyg26mV5xE4M2RjOTRkZC1kZjhlLTQ4MDItOGM0OC1mOTVkNzA3NTk3ZTg
syy230@yopmail.com,4a904012-1640-4c2e-b7dc-6a4b4a8d8c4b,dy8atb8AH0Y0gU6QyDl_vMAqtXR1T3NBwoN_74pPELYzYzdhZTZmMi1hMTIxLTQ0ZWQtOWE5Ny01NDVmZTM4ZTM5ODI
syy229@yopmail.com,15ab6e9a-98f8-4965-aef2-4eba4f4de954,gI9BkDmcfPESVnIXXdXf-RIv7ziSK5LlLUe01cPlbBQ1MDU5OWNjYS0yNzgxLTRmNTMtOGI2Mi1kZDU5NWMxOGQ4Nzg
syy228@yopmail.com,612b4a02-8597-4500-a673-cb32611c2e6a,rXL8I_Osp409oj7Ye7crjOHFhj-RWxNlpOM-OAx_XSwxMTQzZWE3ZC1kY2RmLTQ0YWMtYWUyYi1iMjA2ZDY1OTg2MjY
syy227@yopmail.com,66fdeb81-f02e-4c84-ad79-6d1a8d1d77ab,gWtsU99rj7Cdg4fd6zhisG520CFhtce9zWiG744Nkn4wMTk2MmQzNi0xOTM0LTQ4ZjEtYjE1My1jZmQzYzQxNTU3YTc
syy226@yopmail.com,02f548d7-b137-4886-aaa8-77f273cd973c,etuz-mKFltrH62kEWqN_STV8WjWZJw3lbfYnbaY_x3IxNmI5MDRmMC04ZmFlLTQ0NTAtYjY3ZC04YjQ2MmEwYWY0MGY
syy225@yopmail.com,3a237464-c849-4e18-b93e-c8b91f4cba70,rDTEjbLHyVdPjvSwFUogphjveSiTaaxWu9uEuaOSRcYyOTllMWY5NC0wMTg5LTRkMzUtYmVjZC0wM2EwOTE5YTUzNzc
syy224@yopmail.com,fde45c1f-d11e-492a-b59e-c70d3ec9f1e3,u4izKNTTQ-YX6oj24TVsog4j07-mD-vwTKThKOZuQyE1NGU5Yzk0Mi05NjAxLTRiMTAtOTZlYy0zNmEwODQ4MjdjZDM
syy223@yopmail.com,fb87b5f6-6c1c-465e-bf00-289cce009198,UrcYyMcsBp8sc-1DlRcyWnTQVdZ-4jNHk3Ki3lPbNNdjNDRmZTc4Yi03OGEyLTRhOWYtODlkZC00NGVjYjkxZjhhNzg
syy222@yopmail.com,d7898729-44ca-4806-b708-137c5330bb78,6j22hhKw2xsHGckB7gJN9Qcr7WnGS1xNJXap4ZLD5S41YTJhYjQ1MS1lMWY1LTQyOWUtYmRhYi1iZmU0NTQ1OWYyZDY
syy221@yopmail.com,38d73df1-c095-4545-ae41-dba88fd5dc1c,ZfanPpiBJneaFjgxc9R7VRt4hDfyrvVKO_sf_z9H4elkNTUwM2UxNi1iZjgyLTRhYTItOTc4YS04NThjNmQyNjE3Nzc
syy220@yopmail.com,0c6c8001-f71b-4cbb-b0af-c1ed216e4bbf,M79xaVR2igktvKoyqU31c9QoZegFOcUVOacTE454enVmNjI2NjIxNS04YTZmLTQ4NWUtYjY5OS02NGUyMTA1NzZkMzg
syy219@yopmail.com,c4db4554-a542-4165-ba99-a15be5c5ffd7,06zbJ-YQjmdI1zByqvjJ7x8CiPzTUk4xCpsRzWd1CcYzNmYyZWNjNi01MDkxLTQyZDQtYTU2Yi1kMDEwOWU3ZDU1YjQ
syy218@yopmail.com,dfb1cb28-9e07-42f3-bbe9-5971f8521ab8,yzznGUgJ_da2juUOkYlqoXBNO7s1IUsBm3DWuMU1Su1iNWRhOTYyYy04MTI3LTQ1NmItOGY3ZS0yYTYyYzk5MmMyYjA
syy217@yopmail.com,2d93c328-88a0-45b7-a700-ff9ed3f8c539,BqNElYBEjvi3WLdkhKA97uIZOAfyWnR5L0XBVZiFOvZjMzllMGRhZC0wYzNjLTQ1NjAtOGM4OC05Y2JhOWNlMmY4YzE
syy216@yopmail.com,5c1d9bab-bfd5-4fe2-ad9e-b1bf1aa1955e,mZsNsxlXyyLwdLO-pEy0y9vsw5PR7RU1vtwtyRdQXkhlYjNiMWNhMC1iYmJlLTRjYWItYWEzMS0yNWFkYWZjNTA2ZTY
syy215@yopmail.com,836cde8f-303c-4fc4-810f-087c383d7f06,Y-EQkacNwGhhnQgcqmVmEaEqj_oM_yrV5PAx0JfSiDsxNTJhOWEzZC02NjQ1LTRkZWQtYjBkMC1lY2RhZWM1Mzc4YjU
syy214@yopmail.com,fcfd7bd1-d5b2-4210-bc23-0f56dc6b0051,0LaphNYE9CltP5fhDphTxvwB8p8_RR8wYr57jBGcSJplNGU5MzAzZS0xODc3LTQ3MDgtOWM3YS04MzYwZGFkNDgxNWQ
syy213@yopmail.com,a5f41508-79d5-4a58-b43a-cab978df5548,1ASNSdBx5RZJNmGJqdwWYtQqvJFSIXyG8iFJaHX0pv82OGQwZjgwNy05NjNhLTQ5M2QtYTk5Yi03ZDNjM2Q0YjJjM2Q
syy212@yopmail.com,dc283867-4fa0-42fb-a408-123330674c81,JaWe4bJukxcNWeK2ff2yLpVX9yuoDcJOoXQ9uzUpc8NiZjU1MzZjNy0yODUxLTQ5YWMtYmNkMS1hNTcxMzhmNTAyNDI
syy205@yopmail.com,9bc0c3f9-1d51-4006-a7a8-94dce4e11d2a,eSI6HB0TMHI39TDyclYNwjN0TK7cGlP50HDWPv8CIYIxZmI0Y2M3OS05ZDQ2LTRhZTQtOTUxZC1hMWNmYzRlM2U1MGU
syy204@yopmail.com,9a9d515c-0898-4915-8ca9-acb8b839052d,beo4sytRqF4jpBRQPwY4ReDwRcDYVCrUsUwyAadgMhszMDk1M2U4OC03YjA2LTRhMWItYjhmNC0zYTRmZDg3OTI5ZDE
syy203@yopmail.com,3183f895-9dce-4bfe-9e57-d649585bad2c,iiTYMtobAHybBMhOH_LEIrJplB9-yVAwXW-8O1eiEG1lNWZjNDE4Yi02NmRjLTRlYjUtOTljOC1kZDk0ZGQxNmM2ZTI
syy202@yopmail.com,8bb2c88a-cf4b-482d-9725-e1489dc629ab,m3T85ZjGZtYv_l-4T6Jbl2V6IDUFS0plOrV6OomVobUyYmZhMTk2Yi05NWYyLTRjMjQtYTM1NS1mMGRiNmUyYTNiOWQ
syy201@yopmail.com,68e2f2be-2be3-475f-8c86-adf47fc35647,n2O3XOdJIJk4Ee0Izg7CO0pgJ8jmVsu6AIDDrVUm9iRmYzdiYTljZS1iY2UxLTRhZDctYjQwZS03NTQ4MjZmYjMzODU
syy161@yopmail.com,5899ab4a-04d2-44c8-8e21-5897587bb284,FfO44aUzPTqS1_bBPBttZ0CPxXFTiPTezuBPqswGd1k5MDg3YzIzYy0zNzYyLTQyOTYtYmFjZS1mNDE4ZWY1ZTA2OTM
syy160@yopmail.com,6fe994ee-6c59-4ad8-bd85-7476c1bcac44,GbzeBIqRfleeyBy17autQdgPUHvcib3tlWqX9MGK5C0zN2I4ZjQ1NC04NjcxLTQ2YmUtYTkzZS0yYjlkODg5YWYxYWM
syy157@yopmail.com,cfe913cd-5e0e-4045-b9dd-9879d59e1d20,FQaCsw2akPNtZF3nSM-vCiGrNwxAoekJcRF1KE0_le83YjE5ZTM4Yi1jMzNiLTQ1MjAtYWMwMy0wNDQzMmU4Y2ZlOGY
syy156@yopmail.com,512a0439-f584-4f5f-9097-abd37eac49f5,IOjY6EmkAZYTssqCR69sl2jZAv8g_Dk6WaCfVkrARLI1MDc3MWIyYS1iMzc2LTRlYjItYTA3Ny0zMTc2M2ZiMGNiZDg
syy155@yopmail.com,3a304f0a-b066-400f-b197-e4c9478cf50b,N7KkOuQFXjlvubQuAmADW8_RPGq0yrnL0IInYRnO4vRlNmIyM2Q3OC0xYzUyLTQ3NTMtOGNiMi1kMDc4NzZkNzA5MzU
syy154@yopmail.com,07498c7b-aa8f-4d37-815e-842ec82fd60e,ZF0lyWbVBHfWstUXyqFcfQ--9Mk4QyW3beJ5OcUeAFIxODViZTBmZC00Mzc2LTQyMzctYTUwZi03MTY1NjEyYTc1YzE
syy153@yopmail.com,3b888a25-0290-406a-88d7-c509c2c9fd16,YcRn_UJ7r845sR6Dp0reZtYlaWEHWoSeVizqPTj2U3oyYjNhNmYyMC0yNWM4LTRmZmMtYTJmMi1jNWY1YWZjOWNkM2M
syy152@yopmail.com,0d982ba9-6f67-4dc3-b1f0-c04a9de1e791,2w_zlZkLB0SKM0sRCEKS0xs0yvbEx7YEx5HloIvonbE0NzMyODlkMS0xZTZkLTQ3NGMtYTMxNC1hMjNmOTY4MzczMDQ
syy151@yopmail.com,4e32f381-de08-4782-84c6-4829c55dd597,3yHUENewFRm6EqB3ZrF580u0CT0q_bbe_HExn7GKVvgxYzZiNDA4Yy05YjljLTRlOWYtOTRlZi1mMjMyMGI1MDNmOWU
syy150@yopmail.com,5cbacb00-5a9e-4f56-8c2d-ef34501c4b7a,to3iW9Wmk4utQ-GAyaM1-xT4kROlvHyi4LX17wIc6k85YWU2NTEzMy04MmZkLTRhOTYtYWQxZS04NjU5ZDViODk2YmE
syy149@yopmail.com,e3c6e78e-4b2f-4582-9948-402d6013aa3f,BJhrRnC8hGdAU-4lmCgz-gIeHZfn3niSefBxrmgmLmYzYmE5YTY3Ny1kODJhLTQ5NDgtOWRmOS03N2FhOTM5OTIyZTc
syy148@yopmail.com,29fa96a0-2a0d-4ad9-80ad-c56fffeb1a63,fhXQt0Rmv0XNgqFh0yWdFDhgoXsezdxtyV2pRe8ZGlRiMzU1N2E3Zi0yNzE0LTQzNmItYjViZS04MDVlZjgxMmZmYmM
syy147@yopmail.com,49d1c2eb-3e8b-4d7d-86d9-270b3359ceaf,pin5CekWKJX_7lZ7Yl4GUlt49oPA4PaytKXnw8Bg1CdjY2JlYTYzYi1jZmIwLTRhMGMtOTUxMC04OWMwZjZlZTQ0MzA
syy146@yopmail.com,0f060346-fe3f-4fdd-932d-9b2a228b4811,XL_DN0xA71gj7xC85j4p4oMobPT4UESvZK-8wJLm8bM4YjRkYjQ3Zi04M2IwLTQ0YTAtODJiYy0yZWY4OWIzODBlYmI
syy144@yopmail.com,c602c39a-9ae1-4a88-b6d6-2c2525e62830,YEGGmRN5s6nPHx3NWpDRayxLlP4fU7y1nKqZvUR75kVkN2E5ODZkMS03ZmNhLTQ3Y2EtOGM4ZC1kMGRjY2FjNTFjZWU
syy143@yopmail.com,86cadf44-93fb-4a25-8bcb-f3fde2f3b738,40V-KkRObRPUmhUDS8Y1fUIklmKGBg2cuolsWMMmbAAwZDQ1ZjFlNS1lMjFhLTQ3NjctOGMwOC05NmI1ZTlmZTRmNDg
syy142@yopmail.com,6da4ab9f-8431-4896-aef1-57a2d9215549,cL65hcwODzh_G9UoaiIcxTztebuARLVOUXDmGhHZFgcyYWRjMTcwZS1iNmUyLTQxZGUtOTViNy0yNDAzZDc5OWRhNDI
syy141@yopmail.com,c47f9010-4373-433e-8cf1-620374330a2d,dgLvHbq0sArMyrZ8GJLSI7wEKtpSm2iwmSwHJ-VWtJY0ZjQ1MDkzNS0yMjVjLTRmOWUtYmEzMi0yYmI4MjZlZDAyOWI
syy140@yopmail.com,9455326b-dce0-43c9-a616-b13c6aae616d,7cBTFg2rr4a5q9rc-u3Z2Q3d6TzwUCYqQ6D9sS_BA_NjZmQzYzE1Ny0xMDc2LTQ5NmItOGM0Ny0wNDYyZmRkMjljYmU
syy139@yopmail.com,b0f30768-1f70-49e8-a7b0-c3542e4c53ca,qidsTgLxbk4znNLHpTfXvuGJYYQX9WkJVQVD9xtX6SI5YWZiN2E3Zi1lOWEyLTQ0NGYtOTU1YS03MzgyYjRhOTBlMGU
syy138@yopmail.com,eab97eb5-512d-4f00-9d74-e3405401495a,l0Z1aBRT9QNoun0JZPk5Ew9rm8b83HUa1_B7qwlXH802ZTUyZWU4MC0zNGQ2LTQ3YTktYTA0ZS1jMzkwNzU4NDQyYzM
syy137@yopmail.com,b5e910bf-30ce-4b49-b309-3bb85ea752ac,UF4boKdJrs6TrFQAEVKb-kjN46nIBB7qAAbLZoCR3iliZTFhODQwNi0wOWZmLTQ3MTQtOGVhNi0xMDM1ZjE2NjEyNTc
syy136@yopmail.com,b35adb51-8baa-4917-83f7-0b29e12f5580,SIaAzGYTC8B8Fj8CfwfVkmbuyeYbNzN3qFPelCPEUbNmYTRiMGM1OS1lMDEyLTQxOWQtYWI1Yi03ODQ4M2IzYTdhM2I
syy135@yopmail.com,abf84601-6c83-4b02-8dad-b81453d83fad,kw4IAsbkWeTLDhUOxhB7CKLIgkHDgQeYWMu5a0r_dj43N2JlOThiNy01YmYxLTQwMzAtODgxOS0wODc3ODQyY2QxZDE
syy134@yopmail.com,eadc2782-7f44-4459-840f-8a3b40cb910f,piqoZWX0NJ1ZeLIeDC29C5Ffbf5rPfkgNwkbIAiFSLc1NzliM2JjMS1hMmFkLTQ4ZDMtYmFhNi1iMTExMTQ2YWQyYWU
syy133@yopmail.com,529211a7-bba7-4a79-8ffa-00026981d424,1Zk5tWOwbc-QfRN7EKfmc6pFG0b31WaDyXlkW99QNkY3NjRiZjc1NS1hNGQ1LTRkMmQtODE5Yi0wODZmZDA4ZThmZDY
syy132@yopmail.com,219b0b6a-d4a6-47dd-ab0d-38d0fb164df8,KooE6Vk4NlWBPWd6w-0WO8dtilU-GuIPWrMMYHyVKWc4ODllOWRmMi05NTJhLTQ2MDEtOGZlNy1hNDg3ZTBjY2I2ZmM
syy131@yopmail.com,537caade-a6c4-448a-bb83-cec875a998bf,IUpAqGpZ49TkixNgtY11wFnYPirQ4rgc7rcgRVdBlAc1ZTVjODFhZi01YjMzLTQzNjQtOTIyZS0wZjhlZGUwZGM3ZjQ
syy130@yopmail.com,3b818c48-f359-4264-9f87-645313fe046c,9LT8dOMxjwrwc1TrkWAVYDznv1bLeaec954EcgaapdkwMjI4NTFlMy02NGY3LTRmZDctYjc3Mi0wNjYyYTEyOGNhYzE
syy129@yopmail.com,228d4338-73dd-400b-a590-3163b7508f5b,sl5_qp1Of-DWABKVbko2tTmd7XONIpOshUR9OechIIFmYTY3OTRkNS04NDkxLTQ4NTgtYmRjZC1lNTEzOGVjNzFlOTA
syy128@yopmail.com,dbb6ab3b-2bcb-4198-8ea4-9ee688723583,zD1KgQU_PTeCNiawNXSifzI7gl6ihlE3erBpYW_UqwRmYzAzN2ZhYi1iZjM1LTQ4YmMtYjNiOC04OGNjOWExZmE3ODE
syy127@yopmail.com,b6d42100-517b-4a58-8be7-dd0a25e44a74,_k9eukHGNqMl37gD1v24RuEYZbVcsUgsv69boFFgmHliMWNlYTk4OS1mNTNlLTRiMTktYTVjYi00NTUyNDRiNWM1NWI
syy126@yopmail.com,f4193685-e599-437e-a3c2-d06507b982d7,ZBFaG3ch0j_fXVt0g1GR8PiGEiyvg4Xwx-xQTSetMzUxZThhNjEzZS1iYjA0LTQwMTUtOTU3Yy04MjlmNDE4N2RlZGQ
syy125@yopmail.com,e46b0ad0-dfc7-4963-8e63-5b55afafa9ca,7N6BEnW532safAtPQ01tVnrJ0xBV-GQfAduS42RijyEwZDliNjExYS0yOWRmLTQ1ZTUtOGZlOC0yZTdlMzZjZjIyYTg
syy124@yopmail.com,a9e7c892-bd5b-4465-925c-63033c7fcbe8,WHXDgptkleaStSjnhITa1mLdSNea5_q28cHJ97JJxGQ1YjllZDFjYS0yNDk3LTQwNzktYTI5Ny02MTNlMzFmM2U1YmI
syy123@yopmail.com,a0bbd713-09e6-46f9-bd94-ca03c34a3e04,CIbQz32lVZE4wJFvaTGPOyW-xQlUOsPoA-DZAxwXyUZhM2ZhOTg0My1iNTFjLTQ1N2UtODY1ZC01MTA3MjdkNjRhOWY
syy122@yopmail.com,daf73f97-3464-4d45-976d-4e3bf8aa6346,E-P7JFJsmqQUGVTmlvmJSRp2UjzE7sd_cApbXsA9S1Y0NzY2ODUyNC0xMTIxLTRkOWEtOTFmZC0yZDc4NWQ4ZDJmYTY
syy121@yopmail.com,ee49f8e3-d911-4ba5-ab82-daffe264bb7a,2Xd1RZBiwc7XXMJE6UhFKdnBvaFQOkOFtsoo_-2pJpo3NWM3MjQ4OC1lZjYzLTRmYmQtOWRiMi02ZmFkYTFlOWYzZmU
syy120@yopmail.com,17383ff4-76d5-47b8-8f78-21d9f679c6d8,iXj7vx0WqqBE6cLrR1oGS4ojiaeUNzK3LVWgGurbvYJiOGJmOGQ3Ny02MGM5LTQxNTItOTE4My1kOTA3YTUzNmExYmY
syy119@yopmail.com,dab839c7-7547-4c74-9192-07b99cd23c8b,Tb3in_Fe_fRAjI0Ou26eOg5rV-zfGX8-at701JJvwQtmZDA2ZWI1Yy0xOTEwLTQwNTktYWU1Zi02N2ZiNmM3Y2RkYTg
syy117@yopmail.com,745c5b81-e965-480f-b25c-92550b09e6f9,TcKtdOin3JiERSHJBKaTF8F0ff-i2zyM11WeZSLeBpxiYzg4ODgwNS1mNWJkLTQzZTItYmFkNS0xMzU0MTI3ZmU2ZjQ
syy112@yopmail.com,96d31ea8-97c1-4a77-bc07-6ae9240d496b,iGeTv94GGcPWm5Hj8R0dyYlanxBWNZXalHLxn6bIhroxZTE0YzE1ZC00ZWVmLTQ0ZTEtODc5YS0xZmM0MjRhYWUyNzg
syy111@yopmail.com,2a21807a-cdb3-492d-82a7-e0adce62f7dd,XpdrgHJACaZwX7effHJKzm5x2KTOvpLSvqUpcOgYbXdiZGIzYTdmNS0yNWQwLTQ4MWUtYjRiOS1hY2E4NzIzYzkyZTU
syy110@yopmail.com,b6878380-0f81-4ea9-b081-d05ddca31862,DMhurY_iFFUzurTp7ynu-a3AdQPb_uQtly1UAkzJgxAzOGUxMDI1NC01MzIzLTQzMWMtYWRlMS1lMTllNzkwZWVkNjI
syy109@yopmail.com,e42285d0-0bda-44ca-bc2b-39ce526e77a5,iLlg20dKpnnN68y_Rh6YTz9VOCJ3Gun9rUDREM3dgxo0MjhhOWExOS1mMjFhLTQzZDYtYjEyNy03NGU4YWI0NWJmZjY
syy108@yopmail.com,7616c740-6df8-4a8c-8c4f-6fce95fac45a,U-rD7wzwR2GM6bWTOyBq-lBBhPutdDqR-NP5xHPwFE8wMDE4MGJlNi1hY2E2LTQ5ZTAtOTBlNS1jM2JmNWQ4OTEyMzM
syy107@yopmail.com,6241156f-f23e-4787-8e09-6e730f04bc4a,OluhaZbD1LxR_OAbGiGL7IBSiFl5xWxhQksOduzrwgthNjNkZDlhNC01Y2VlLTQ1NzItYWE1NC1iYTAzNGUxZGQyOWQ
syy106@yopmail.com,6771b29c-f1d1-49a1-a346-a18ee158b484,UeD9_ciDmWMR-ZBS6dqYc2w38fW9o6GPo6qBPfjyHSc2NGViZTg0Yy1mZGViLTRjNDYtODI3OS0xZDA5OTk4MjY5YWI
syy105@yopmail.com,0c1fce45-c308-4047-901e-b8931fe41733,Bsr0gYqXmZNO5T-8YXAhsf3Z7N7BefVOqw88-zkM3uozYjQzNWIyZi0zZjIzLTQ2ZjktOTgzMy0wMTg5MjlkMGNiZGE
syy104@yopmail.com,0ff10bb7-dcd4-413b-8042-fa0672f27fa1,GTZTN_PHD3cwCYVwV8e_qyZUZsY1xUvmqQiVnhF0TGplMTU1YzNlNC1lYTYzLTQzODQtOGQwZi0xMjA3NTE4ZjE2NDI
syy101@yopmail.com,217773d6-d053-40ee-843d-7a347e0b0212,ZbRj7hVUpdX3PLt5YO-5sLEY--gwe4ceZNEgbNZATeBhYjg5MTgyYi0yNzFkLTQ2MDktODFmMC1lOWQxZWRiZTk1YmI
syy100@yopmail.com,926c2fd2-3d16-4a96-b5da-8065bb91d203,046NmKzpRXtimJahtrpGsDWzXnzQE215piotYYTWE9piMGI5NTAzYy03MWNjLTRjMjQtODgzNy02YTlmOWVlYjIzYTY
syy99@yopmail.com,3fd95860-0fdb-4cb7-b99a-9861111f139e,FMmRDUFAc4RZo6GMwotT6I8cnlWN2dFIXiuPeywEO6c3Y2Y1YTNjOC0zZmQ1LTRiYmYtYmYwZC1kZjU3MzZhODcxMTU
syy98@yopmail.com,9072fb2c-6deb-40c9-b8a1-62224bd4c221,kDo9E7gXgZ4mD7d7TjJJqBZXqX8E8JVkF8P6ubyeR0NiNGM2NzhiOC0xMzJiLTQxYmUtYWM4YS1hY2RhMzVjYTA4NDY
syy97@yopmail.com,8390fd2b-f91c-41f4-94cc-8419792af778,hKjgJIkM4nBsLVAN9j_VsH76yXwsytFY4irzLIhhvGA4YjQ2MWNhMS0zNTIxLTQyOTctYTc4MS01MmE1NzkxMmRmZjU
syy96@yopmail.com,75afc4c6-85bb-4b0d-aaf2-6fa0cd263afc,pqZ7IpwpSHX4Rm_N1xh6db95JaY6qFVxPeFbUn8TnD1jNTZlYjgwNS02ZDQyLTRiYTMtOThjMS1lYWNjNTEwMTY4NTE
syy95@yopmail.com,ad001369-5731-4a60-b73c-51f279775bf8,yaq1QlzgU-w4X9XC02zXQ6C7aIFjcClgmGvzuGQF58hlY2FkMWE3MS1mMWNlLTQwYjctYjZlYS00NWE4M2MzYTllNGQ
syy94@yopmail.com,c8b32498-e4a9-42e5-916b-d52545308a33,iiCefMRNHBZdVcSiC6o4ZgiWZoboN5OCOvXVKGMMvEkxNWQ3YTZlNS04ZjFlLTQzMzItOTk4ZS0zN2Q3MDU1ZWMwMDk
syy93@yopmail.com,ce9a4969-b3f5-4314-b45e-0124089ea43c,E00k37bp6XMXvgILdLUu0E9DHJRGthYAOpkZpCNnQAs2Yzc5MTVhYy1lNGEwLTQ2MzYtYmI2Zi01Zjc5ZTEyOTE0ZGQ
syy92@yopmail.com,48de93f4-78c7-4edb-9d09-1759bbde091c,x8QGlItxAotuJrWkHafgd0lSxkFLgZIa5uBTIuruYHEwNTVlZWYxOS1kYTQ1LTQ0Y2EtYmU3My0yZTc1NzllMWI4ZTA
